-- phpMyAdmin SQL Dump
-- version 4.1.14
-- http://www.phpmyadmin.net
--
-- Servidor: 127.0.0.1
-- Tiempo de generación: 17-10-2016 a las 19:01:19
-- Versión del servidor: 5.6.17
-- Versión de PHP: 5.5.12

SET SQL_MODE = "NO_AUTO_VALUE_ON_ZERO";
SET time_zone = "+00:00";


/*!40101 SET @OLD_CHARACTER_SET_CLIENT=@@CHARACTER_SET_CLIENT */;
/*!40101 SET @OLD_CHARACTER_SET_RESULTS=@@CHARACTER_SET_RESULTS */;
/*!40101 SET @OLD_COLLATION_CONNECTION=@@COLLATION_CONNECTION */;
/*!40101 SET NAMES utf8 */;

--
-- Base de datos: `qvarvene_responsive`
--

-- --------------------------------------------------------

--
-- Estructura de tabla para la tabla `clasificacion_automotriz`
--

CREATE TABLE IF NOT EXISTS `clasificacion_automotriz` (
  `id` int(5) NOT NULL AUTO_INCREMENT,
  `clasificacion_automotriz` varchar(100) COLLATE utf8_spanish_ci NOT NULL,
  PRIMARY KEY (`id`)
) ENGINE=InnoDB  DEFAULT CHARSET=utf8 COLLATE=utf8_spanish_ci AUTO_INCREMENT=5 ;

--
-- Volcado de datos para la tabla `clasificacion_automotriz`
--

INSERT INTO `clasificacion_automotriz` (`id`, `clasificacion_automotriz`) VALUES
(1, 'Limpiacristales'),
(2, 'Shampoo y Desengrasantes'),
(3, 'Refrigerantes Base Agua'),
(4, 'Refrigerantes Base Glicol');

-- --------------------------------------------------------

--
-- Estructura de tabla para la tabla `clasificacion_productos`
--

CREATE TABLE IF NOT EXISTS `clasificacion_productos` (
  `id` int(5) NOT NULL AUTO_INCREMENT,
  `clasificacion` varchar(100) COLLATE utf8_spanish_ci NOT NULL,
  PRIMARY KEY (`id`)
) ENGINE=InnoDB  DEFAULT CHARSET=utf8 COLLATE=utf8_spanish_ci AUTO_INCREMENT=6 ;

--
-- Volcado de datos para la tabla `clasificacion_productos`
--

INSERT INTO `clasificacion_productos` (`id`, `clasificacion`) VALUES
(1, 'Limpiadores y Desengrasantes'),
(2, 'Polimeros para Tratamiento de Aguas'),
(3, 'Productos para Torres de Enfriamiento'),
(4, 'Productos para Calderas'),
(5, 'Linea Automotriz');

-- --------------------------------------------------------

--
-- Estructura de tabla para la tabla `clientes`
--

CREATE TABLE IF NOT EXISTS `clientes` (
  `id_cliente` int(11) NOT NULL AUTO_INCREMENT,
  `nombre` varchar(100) COLLATE utf8_spanish_ci NOT NULL,
  `rif` varchar(12) COLLATE utf8_spanish_ci NOT NULL,
  `ciudad` varchar(50) COLLATE utf8_spanish_ci DEFAULT NULL,
  `direccion` varchar(50) COLLATE utf8_spanish_ci DEFAULT NULL,
  `telefono` varchar(20) COLLATE utf8_spanish_ci DEFAULT NULL,
  `email` varchar(50) COLLATE utf8_spanish_ci NOT NULL,
  `act` int(1) NOT NULL,
  PRIMARY KEY (`id_cliente`)
) ENGINE=InnoDB  DEFAULT CHARSET=utf8 COLLATE=utf8_spanish_ci AUTO_INCREMENT=1122 ;

--
-- Volcado de datos para la tabla `clientes`
--

INSERT INTO `clientes` (`id_cliente`, `nombre`, `rif`, `ciudad`, `direccion`, `telefono`, `email`, `act`) VALUES
(1, 'RIVIERA MOTORS,C.A ', 'J002215542', 'CARACAS', 'direccion', '04120441267', '', 1),
(2, 'MOLINOS NACIONALES, C.A', 'J000255431', 'PUERTO CABELLO', 'direccion', '0', '', 1),
(3, 'ALIMENTOS HEINZ, C.A', 'J075862155', 'VALENCIA', 'CARRETERA NACIONAL VALENCIA- MARACAY, SAN JUAQUIN,', '0241-584862', '', 1),
(4, 'INDUSTRIA PLASTICA C A', 'J075105516', 'TINAQUILLO', 'PARQUE INDUSTRIAL MUNICIPAL, ZONA 1, ZONA 1, PARCE', '0251-660181', '', 1),
(5, 'OLGRAS C.A.', 'J304863918', 'VALENCIA', '', '0245-5645909-5645465', '', 1),
(6, 'IGCAR DE VENEZUELA, C.A ', 'J3057666514', 'TINAQUILLO', 'AV. TACHIRA C/C CALLE BOLIVAR QTA NORALIA NRO S/N ', '04167077240', ' marwe2@hotmail.com', 1),
(7, 'ACUMULADORES TITAN, C.A. ', 'J000985405', 'MARACAY', 'CALLE PPAL CON 2DA TRANSVERSAL ZONA IND. LAS VEGAS', '0212-3959464', '', 1),
(8, 'ALIMENTOS BALANCEADOS TINAQUILLO C.A.', 'J312513527', 'TINAQUILLO', 'ZONA INDUSTRIAL, TINAQUILLO, DETRAS DE ACERO LAMIN', '0', '', 1),
(9, 'TRANSPORTE LUZPASAN, C.A', 'J075174933', 'PUERTO CABELLO', '', '242-3721736-3721738', '', 1),
(11, 'ESTACION DE SERVICIO BOMBA SAN LUIS, S.R.L', 'J075037561', 'VALENCIA', 'AUTOPISTA CAMPO DE CARABOBO VALENCIA', '0', '', 1),
(13, 'INDUGRAM, C.A ', 'G200097892', 'TINAQUILLO', 'AV ZONA INDUSTRIAL CORPOINDUSTRIA, LOCAL GALPON E-', '0258-7660001', '', 1),
(14, 'ITA RICAMBI, C.A ', 'J002995343', 'PUERTO ORDAZ', 'PARQUE INDUSTRIAL LOS PINOS, MANZANA 36, PARCELA N', '0', '', 1),
(15, 'SERVICIO TECNICO VENCAR, C.A ', 'J000914257', 'MIRANDA', '1ERA. AV. MONTECRISTO CON 4TA. TRANSVERSAL, CARACA', '0212-2373648', '', 1),
(16, 'INTERNACIONAL DE DESARROLLO, S.A', 'J000737703', 'MIRANDA', 'CHUAO TORE DIAMEN, PISO 09, OFICINA 96, CARACAS.', '0212-3751224', '', 1),
(17, 'RADIADORES EL MONO, C.A', 'J075538684', 'CAGUA', 'CALLE MARIÑO, C/C SUCRE CASA NRO. 118-05-01-07 SEC', '0243-570587', '', 1),
(18, 'CONSULT. Y SERVICIOS DE TRANSPORTES CONSERTRA, C.A', 'J309895664', 'LOS TEQUES', 'KM 08, CARRETERA PANAMERICANA LOS TEQUES, GALPON N', '0412-2287435', '', 1),
(19, 'DINCAR ARAGUA, C.A', 'J306094989', 'MARACAY', 'AV. BOLIVAR OESTE, Nº 234 LA ROMANA, ESTADO ARAGUA', '0423-2007600', ' yvis.sequeda@dincararagua.com.ve', 1),
(20, 'PROMOTORA BITUOIL, C.A', 'J302918650', 'MIRANDA', 'AV. PPL. C/C AV. JOSÉ FÉLIX SOSA QTA. HDA. SAN JOS', '0', '', 1),
(21, 'CERVECERIA POLAR, C.A ', 'J000063729', 'MIRANDA', '2DA. AV. LOS CORTIJOS DE LOURDES, PLANTA POLAR URB', '0212-2024489', '', 1),
(22, 'LUBRICAR ALTAMIRA, C.A NO', 'J303093477', 'MIRANDA', 'AV. FRANCISCO DE MIRANDA, ENTRE AV. SAN JUAN BOSCO', '0', '', 1),
(23, 'LUBRICAR JACINTA, C.A', 'J309827219', 'MIRANDA', 'URB.EL ROSAL, AV. TAMANACO, CARACAS, DISTRITO FEDE', '0212-9524052', '', 1),
(24, 'QUICKY PARAISO, C.A ', 'J307798459', 'MIRANDA', 'AV. PÁEZ, C/C AV. LOIRA DEL PARAÍSO, CARACAS', '0', '', 1),
(25, 'QUICKY LUB, C.A', 'J302147794', 'VALENCIA', 'URB. CARABOBO, CALLE 148, Nº 100- 101, VALENCIA, E', '0241-672023', '', 1),
(26, 'LUBRICAR VINEDO, C.A', 'J305558485', 'VALENCIA', 'URB. EL VIÑEDO, AV. CARLOS SANDA PARCELA Nº36, VAL', '0241-673023', '', 1),
(27, 'INVERSIONES QUICKY, C.A ', 'J303657150', 'MIRANDA', 'AV. PRINCIPAL LOS RUICES, QUINTA MOVIL QUICKY LUB,', '0212-2374829', '', 1),
(28, 'LUBRICAR LA BOYERA, C.A ', 'J308361089', 'MIRANDA', 'PROLONGACIÓN AV. LAS ACACIAS, C/C AV. EL MANGO, CA', '0', '', 1),
(29, 'LUBPVEN, C.A.', 'J295715323', 'MARIARA', 'CARRETERA NACIONAL MARIARA SAN JOAQUIN A 1 KM. DEL', '0212-000000', '', 1),
(30, 'DIGA SALA, C.A', 'J000783195', 'MIRANDA', 'AV. FRANCISCO PIMENTEL CON CALLE EDUARDO CALCAÑO, ', '0212-6615617', '', 1),
(31, 'G. C. AUTOPARTES, C.A', 'J304915330', 'MIRANDA', 'AV. FRANCISCO DE MIRANDA, LA CARLOTA, EDIF. GUARIM', '0', '', 1),
(32, 'LUMOVIL, C.A.', 'J307767669', 'CARACAS', 'AV. 3RA. MIS ENCANTOS EDIF. LUMOVIL, PISO P.B. LOC', '0212-2661270', '', 1),
(33, 'PODER DE DISTRIBUCION VENEZUELA COMUNAL -PDV COMUNAL, S.A.', 'J000416273', 'CARACAS', 'URB. INDUSTRIAL DEL ESTE, AV. Nº 01, MANZANA F, GU', '0212-2111427', '', 1),
(34, 'INDUSTRIA VENEZOLANA MAICERA PRONUTRICOS, C.A', 'J003293776', 'BARQUISIMETO', 'AV LECUNA EDIF TORRE MOHEDANO PISO MEZZANINA OF OM', '0', '', 1),
(35, 'PROAGRO, C.A', 'J001036865', 'VALENCIA', 'AV. EUGENIO MENDOZA, EDIF. PROTINAL, VALENCIA, EDO', '0249-7932058', '', 1),
(36, 'IVECO VENEZUELA, C.A ', 'J000136360', 'LA VICTORIA', 'ZONA INDUSTRIAL SOCO, AV. RICAUTE, EDIF. IVECO, LA', '0244-4002000-4002180', '', 1),
(37, 'INDUSTRIA NACIONAL PRODUCTORA DE ALIMENTOS INPROAL, C.A ', 'J075822730', 'VALENCIA', 'CALLE FARRIAL, Nº01, CARRETERA VIEJA DEL TUCUYITO,', '0', '', 1),
(38, 'INDUSTRIA VENEZOLANA DE CEMENTO (INVECEM), S.A. ', 'G200115882', 'MARACAY', 'AV. PRINCIPAL LOS CORTIJOS DE LOURDES 2DA TRANSVER', '0246-4308129', '', 1),
(39, 'REPUESTOS VENEPARTS,C.A', 'J307832673', 'VALENCIA', 'AV. PASEO CARRIALES C/C CALLE PÁEZ, LOCAL 03, Nº 9', '0241-594084', '', 1),
(40, 'MANAPLAS, S.A', 'J000235325', 'CARACAS', 'CARRETERA VIEJA DE LOS TEQUES EDIFICIO MANAPLAS PI', '0212-4332511', '', 1),
(41, 'TEAM TRANSPORTE GOLAR, C.A ', 'J304959290', 'CARACAS', 'URB. PLAYA VERDE, CATIA LA MAR, CARACAS', '0281-4180469', '', 1),
(42, 'EUROCAR, C.A ', 'J302101913', 'VALENCIA', 'VALENCIA, FRENTE AL C.C. CARIBEAN PLAZA ', '0241-242214', '', 1),
(43, 'MG TRANSPORTE, C.A ', 'J302284104', 'VALENCIA', 'URB. CASTILLITO, CALLE 99, CRUCE CON CALLE 66, GAL', '0241-8717487', '', 1),
(44, 'PASTAS CAIROLI, C.A', 'J075537947', 'MARACAY', 'AV. MARACAY, ZONA INDUSTRIAL SAN VICENTE I, MARACA', '0243-537736', '', 1),
(45, 'OCAÑA DIESEL, C.A ', 'J075333675', 'VALENCIA', 'URB. INDUSTRIAL CASTILLITO, CALLE 97, NRO 68-210 V', '0241-8714766', '', 1),
(46, 'PLASTICOS LA VICTORIA, C.A NO', 'J075046390', 'LA VICTORIA', 'CALLE ANDRES BELLO SUR, AL LADO DEL TALLER SUIZO, ', '0244-222894', '', 1),
(47, 'SERVICIO AUTOMOTRIZ VACCARI, S.R.L', 'J075152514', 'MARACAY', 'CALLE MERIDA N° 2-A AV. PRINCIPAL EL HIPODROMO, BA', '0416.6437861', '', 1),
(48, 'INTERCAMBIADORES Y RADIADORES LA BARRACA, C.A', 'J308525839', 'MARACAY', 'CALLE Nº05, LOCAL Nº 13, LA BARRACA, MARACAY EDO- ', '0243-337264', '', 1),
(49, 'NUTRIPET ANDINA, C.A ', 'J308024457', 'BARQUISIMETO', 'ENCRUCIJADA DE CHIVACOA, PLANTA PROCRIA, ZONA INDU', '0246-8713363', '', 1),
(50, 'SERVI AUTOPARTE, C.A ', 'J075867777', 'VALENCIA', 'VÍA SAN DIEGO, SECTOR LOS ARALES A 300 MTS DE BIGO', '0241-712415', '', 1),
(51, 'AUTO CAMIONES VIVERO, C.A ', 'J304733607', 'VALENCIA', 'VIA AUTOPISTA VALENCIA, CAMPO DE CARABOBO, SECTOR ', '0241-319412', '', 1),
(52, 'FIADILER, C.A ', 'J303068804', 'VALENCIA', 'AV. USLAR ENTRE LARA Y MICHELENA GODOY, PB, VALENC', '0241-582549', '', 1),
(53, 'RADIADORES HISPANO VLNOS, C.A ', 'J304821220', 'VALENCIA', 'CALLE MICHELENA, E/ ANDRÉS BELLO Y BRISEÑO MÉNDEZ ', '0243-00000000', '', 1),
(54, 'AUTO FIAT SHOP, C.A. ', 'J300449769', 'MARACAY', 'CALLE MARIÑO NRO 104-01-33 NO INDICA SECTOR CENTRO', '0244-4174795', '', 1),
(55, 'GRUPO SOUTO, C.A ', 'J000856680', 'VALENCIA', 'CARRETERA VALENCIA- BEJUMA, SECTOR LA MONA', '0255-91015', '', 1),
(56, 'CORPORACIÓN AGROPECUARIA INTEGRADA CAICA , C.A.', 'J080289943', 'ACARIGUA', 'ZONA INDUSTRIAL SECTOR F, AL LADO DE PROVALCA, SAN', '0', '', 1),
(57, 'BIOTECH LABORATORIOS, C.A ', 'J002267852', 'CARACAS', 'CALLE DEL ARENAL, EDIFICIO BIOTECH, ZONA INDUSTRIA', '0212-9035400', '', 1),
(58, 'CARLOS ALBERTO MEDINA PEREZ', 'V052382544', 'MARACAY', 'Intercomunal Turmero- Maracay ', '0', '', 1),
(59, 'DISTRIBUCIONES W.J.M, C.A', 'J310194572', 'VALENCIA', 'Av. 103, Nº 103 - 8, Entre Calle 123 y 127, San Jo', '0241-8245628', '', 1),
(60, 'FCA VENEZUELA LLC (CHRYSLER DE VENEZUELA,LLC)', 'J303575307', 'VALENCIA', 'AV. PANCHO PEPE CROQUER DE VENEZUELA, ZONA INDUSTR', '0241-6132400', '', 1),
(61, 'COMPARA UNO DE VENEZUELA C.A.', 'J315925400', 'CARACAS', 'CALLE BUCARAL LOCAL GALPON NRO 4-33 URB LA CAMPIÑA', '212-000000000', '', 1),
(62, 'TAURO GAS, C.A.', 'J003289388', 'CARACAS', 'CARRETERA LOS GUAYABITOS, URB. PIEDRA AZUL, ENTRAD', '0212-9421131', '', 1),
(63, 'PLANTA DE LLENADO DE GAS GLP CAMIPA, C.A ', 'J305290571', 'CARACAS', 'URB. PIEDRA AZUL, ENTRADA OJO DE AGUA, CARRETERA L', '0', '', 1),
(64, 'MOTORES MONTALBAN II', 'J30689448', 'CARACAS', 'CALLE PAEZ, Nº 48, CHACAO, CARACAS', '0212-2639595', '', 1),
(65, 'DALBERT INTERNATIONAL, S.A ', 'J002390883', 'CAGUA', 'ZONA IND. CORINSA, CALLE LAZO, Nº 47, (AL LADO DE ', '0244-4479775', '', 1),
(66, 'INVERSIONES PERFUMESSENCE, C.A', 'J003329479', 'CARACAS', 'FINAL AV. TAMANACO, PARCELA LA TINAJA, EDIF. CENTR', '0212-2570183', '', 1),
(67, 'HIELO FRIGO, C.A ', 'J304846479', 'BARQUISIMETO', 'SECTOR LAS TINAJAS, BARQUISIMETO, EDO LARA', '0251-2663522', '', 1),
(68, 'REVLON OVERSEAS CORPORATION, C.A.', 'J000313121', 'CARACAS', 'ZONA INDUSTRIAL, SR. SANATORIO DEL ÁVILA, BOLEÍTA ', '0', '', 1),
(69, 'INVERSIONES SABENPE, C.A ', 'J001436944', 'CARACAS', 'CARRETERA PETARE- SANTA LUCIA, KM 02, FTE. AL BARR', '0261-344353', '', 1),
(70, 'SERVIQUIM, C.A ', 'J000755981', 'CARACAS', 'AV. FRANCISCO DE MIRANDA, EDIF. PARQUE CRISTAL, TO', '0244-3889201', '', 1),
(71, 'TRANSPORTE MULTICARGAS 4894, C.A ', 'J302272785', 'CARACAS', 'AV. LA ESTANCIA CC CIUDAD TAMANACO TORRE A PISO 6 ', '0', 'tesoreriamulti@gmail.com', 1),
(72, 'MORS MOTORS,C.A.', 'J305968357', 'MARACAY', 'AV. RAMÓN NARVÁEZ C/C AV. BOLÍVAR, Nº03, MARACAY, ', '0', '', 1),
(73, 'RADIADORES BARQUISIMETO ', 'V072950336', 'MARACAY', 'AV. CONSTITUCIÓN ESTE, Nº 204, MARACAY, EDO ARAGUA', '0243-2361504', '', 1),
(74, 'RADICON, C.A no facturar ', 'J310307288', 'VALENCIA', 'AV. LARA Nº 106-58, ENTRE C/ANDRÉS BELLO Y BRISEÑO', '0241-8585359', '', 1),
(75, 'SERVICENTRAL VALENCIA, C.A', 'J305496820', 'VALENCIA', 'URB. INDUSTRIAL MUNICIPAL NORTE, CALLE Nº 84, GALP', '0243-8329242', '', 1),
(76, 'MAURICIO SANTA MARIA NO ', 'J72406790', 'MARACAY', 'Av. Fuerzas Aereas Sur, Sector J.G.H. Nº 17, Marac', '0', '', 1),
(77, 'QUINTA CAR´S EXP E IMPORT, C.A.', 'J305347760', 'VALENCIA', 'AV. BRISEÑO MÉNDEZ, ENTRE CANTAURA Y MANRIQUE, VAL', '0241-359105', '', 1),
(78, 'FIMARVAL, C.A ', 'J307224754', 'VALENCIA', 'AV. CEDEÑO 102 , CRUCE CON DIAZ MORENO 101, LOCAL ', '0241-8596686', '', 1),
(79, 'BOC. GASES DE VENEZUELA, C.A ', 'J000160171', 'CARACAS', 'CENTRO SEGURO LA PAZ, OFICINA E-82, AV.FRANCISCO D', '0', '', 1),
(80, 'C.A, HIDROLOGICA DEL CARIBE HIDROCARIBE', 'G200093730', 'PUERTO LA CRUZ', 'AV. MUNICIPAL, EDIF. TORRE LA SEGURIDAD, PISO 6,8,', '0291', '', 1),
(81, 'DISTRIBUIDORA UNIVERSAL KIA, C.A ', 'J003279536', 'VALENCIA', 'PROLONGACIÓN AV. DIEGO DE TOVAR GRUPO COVENAL MARI', '0243-632035', '', 1),
(82, 'ALIMENTOS BERRIOS, ALBECA,C.A', 'J075893867', 'VALENCIA', 'Urb. Agroindustrial el Recreo, Calle E, C/C Parcel', '0212-780391', '', 1),
(83, 'RAMOS PRIETO HERMANOS, C.A', 'J075393171', 'CAGUA', 'CARRETERA NACIONAL CAGUA ESTACIÓN DE SERVICIOS, EL', '0244-4476663', 'RAMOSVEN@HOTMAIL.COM', 1),
(84, 'IENCA INVERSIONES, C.A ', 'J003315770', 'CARACAS', 'PROLONGACIÓN AV. TRIESTE C/C MIRANDA, URB. LOS RUI', '0249-7934803', '', 1),
(85, 'AUTO BRANMAR, C.A ', 'J304042868', 'LOS TEQUES', 'AV. PEDRO RUSSO LANDER, SECTOR EL TAMBOR, LOS TEQU', '0212-3230255', '', 1),
(86, 'CRUCERO DE ORIENTE SUR, C.A ', 'J302792932', 'CARACAS', 'CARRETERA EL JUNQUITO KM. 04, URB. LUIS HURTADO, G', '0', '', 1),
(87, 'DESARROLLO GRAN CARACAS C.A. NO', 'J294344658', 'CARACAS', 'Av. Mexico con Sur, 25, El Conde Plaza Morelo, Car', '0212-5034165', '', 1),
(88, 'TRANSOX, C.A (TRANS FOX,C.A.)', 'J310079889', 'CARACAS', 'ESQUINA JESUITA ALTAGRACIA, EDIF. TORRE BANDAGRO, ', '0414-2434419', '', 1),
(89, 'BAR RESTAURANT LA ENCRUCIJADA, C.A ', 'J000127328', 'TURMERO', 'TURMERO ESTADO ARAGUA', '0244-3954917', '', 1),
(90, 'TALLERES TOBON (NO)', 'J0751222143', 'VALENCIA', 'ZONA INDUSTRIAL LA QUISANDA, GALPÓN Nº27, VALENCIA', '0241-8333270', '', 1),
(91, 'VERAUTOS, C.A. ', 'J075877780', 'VALENCIA', 'AV. BOLÍVAR NORTE 100 LOCAL NRO 157 170 URB EL REC', '0241-8244992', 'gterepuestos@verautos.com.ve', 1),
(92, 'ESTACION DE SERVICIO CENTRO TURISTICO RECREACIONAL LAS ISLETAS C.A.', 'J304711050', 'PUERTO LA CRUZ', 'AUTOPISTA ROMULO BETANCOURT, ENTRE PINTO BARCELONA', '0281', '', 1),
(93, 'DOMINGO ANTONIO GONZALEZ', 'V032849837', 'VALENCIA', 'AV. DOMINGO OLAVARRIA URB./SECTOR: IND. MUNICIPAL ', '0', '', 1),
(94, 'ALIMENTOS SUPER-S, C.A ', 'J306099514', 'MARACAY', 'AV. 6ta. EDIF. LA CARIDAD, PISO 2 OFIC 02 URB. LA ', '0243-8131411', '', 1),
(95, 'INVERSIONES TRANSEMA, C.A ', 'J307310553', 'MIRANDA', 'AV. MIRANDA ESTE EDIF. TAPAYAGUA PISO 1 APT 1 URB ', '02392484615-7694', '', 1),
(96, 'INVERSIONES ERA CANDLES,C.A ', 'J308381020', 'CARACAS', 'AV. ANDRES BELLO Nº 21 ZONA IND. LAS TEJERIAS, TEJ', '0', '', 1),
(97, 'MOORE DE VENEZUELA, S.A ', 'J075061004', 'MARACAY', 'AV. GUAYAMURE, ZONA INDUSTRIAL LA HAMACA, MARACAY ', '0243-722711', '', 1),
(98, 'PREMEZCLADOS TUCON, C.A', 'J003390917', 'CARACAS', 'AV. PRINCIPAL CORTIJOS DE LOURDES, C. EMPRESARIAL ', '0414-2434419', '', 1),
(99, 'BARQUISIMETO HILTON INTERNACIONAL, C.A.', 'J085096710', 'BARQUISIMETO', 'URB. NUEVA SEGOVIA, BARQUISIMETO, EDO- LARA', '0', '', 1),
(100, 'LUBRICANTES Y ACCESORIOS H.M, C.A ', 'J075224108', 'VALENCIA', 'AV. ANDRES ELOY BLANCO, C/C CALLEJON MUJICA, VALEN', '0', '', 1),
(101, 'DISTRIBUIDORA TRATEVENCA, C.A', 'J308665231', 'VALENCIA', 'AV. DÍAZ MORENO, EDIFICIO DON PELAYO, PISO 10, OFI', '0241-8577276', '', 1),
(102, 'CASA DE RADIADORES MONKEY ,C.A.', 'J312886935', 'MARACAY', 'CALLE MERIDA Nº 10, FRENTE DE LA PLAZA EL ANCLA, M', '0243-5541198', '', 1),
(103, 'AUTOMOTRIZ LOS CEDROS,C.A. ', 'J075361733', 'MARACAY', 'AV. LOS CEDROS Nº 101, FTE. A PANADERIA MERIDA, MA', '0243-2460146', '', 1),
(104, 'FILCORCA, C.A ', 'J306232834', 'MARACAY', 'AV. MIRANDA, SECTOR LA ROMANA, LOCAL 170, A 30 MTS', '0243-5511886', '', 1),
(105, 'PRODUCTOS CARNICOS DEL CORRAL, C.A ', 'J002688475', 'MARACAY', 'ZONA INDUSTRIAL, SAN VICENTE II, CALLE E, GALPÓN N', '0243-5515290', '', 1),
(106, 'EUROMERCADO, C.A ', 'J300712737', 'MARACAY', 'AV. INTERCOMUNAL MARACAY - TURMERO, PARCELA Nº08, ', '0244-6690625', '', 1),
(107, 'TRANSPORTE LLANO GAS, C.A ', 'J313072630', 'MARACAY', 'AV. PRINCIPAL LA MORITA I, PLANTA ESTEBITA GAS, MA', '0', '', 1),
(108, 'JEANTEX, S.A ', 'J075722175', 'MARACAY', 'CARRETERA NACIONAL TURMERO, SANTA CRUZ DE ARAGUA, ', '0244-632545', '', 1),
(109, 'LUBRITOTAL, C.A', 'J311865284', 'CAGUA', 'CALLE BOYACA ENTRE BERMUDEZ Y PAEZ, EDIF. GALA, LO', '0244-4477405', '', 1),
(110, 'SERVIAUTO MECA- MOTRIZ, C.A ', 'J305592870', 'VALENCIA', 'CALLE BRISEÑO MÉNDEZ, Nº 88 - 51, SECTOR LA CANDEL', '0', '', 1),
(111, 'HYUNVAL, C.A ', 'J307684810', 'VALENCIA', 'CALLE NAVAS ESPINOLA, C/C FARRIAL 9646, VALENCIA, ', '0241-8581272', '', 1),
(112, 'MOTORES DEL CENTRO, C.A', 'J075279085', 'VALENCIA', 'AV. BOLIVAR NORTE 152 - 588, URB. EL RECREO REDOMA', '0241-8237334', '', 1),
(113, 'TRANSPORTE RAMECA, C.A', 'J075589394', 'MARACAY', 'AV. PRINCIPAL DE LA PEDRERA, Nº 172, MARACAY, EDO-', '0243-2416130', '', 1),
(114, 'DISTRIBUCIONES RSB, C.A. NO', 'J311883282', 'MARACAY', 'AV. CONSTITUCION ESTE, ENTRE C/ 15 Y 12, FRENTE A ', '0', '', 1),
(115, 'PABLO ANTONIO BARRIOS ', 'V034354495', 'MARACAY', 'EDIFICIO Z- 100, LA MARACAYA, MARACAY EDO- ARAGUA', '0243-5530715', '', 1),
(116, 'INVERSIONES Y REPRESENTACIONES PLUS ULTRA, C.A ', 'J075892682', 'MARACAY', 'ZONA INDUSTRIAL EL TIGRE, 2DA. AVENIDA GUACARA', '0', '', 1),
(117, 'LUBRICANTES CAGUA, C.A', 'J313844667', 'MARACAY', 'CALLE CAJIGAL C/ MIRANDA, CAGUA, EDO ARAGUA', '0244- 3954512', '', 1),
(118, 'PRODUCTORA DE PERFILES, C.A PROPERCA', 'J001874720', 'CARACAS', 'AV. PRINCIPAL LOS CORTIJOS DE LOURDES, EDIF. II, P', '0243-5516329', '', 1),
(119, 'TRANSPORTE VELOZ 2000, C.A ', 'J305511993', 'MARACAY', 'SECTOR TAPA TAPA, AV. AUTOPISTA, Nº 28, MARACAY, E', '0', '', 1),
(120, 'METANOL DE ORIENTE, METOR, S.A', 'J000129398', 'PUERTO CABELLO', 'Complejo Petroquimico Jose Antonio Edificio Pequiv', '0281-4208900', '', 1),
(121, 'AUTO ACCESORIOS SUPREMO, S.A.', 'J305220247', 'CARACAS', '2DA. AV. DE LAS FLORES DE CATIA, ENTRE CAÑON Y ZAR', '0212-8732634', '', 1),
(122, 'AUTO ACCESORIOS COROMOTO C.A.', 'J001617191', 'CARACAS', 'URB. INDUSTRIAL SAN MARTIN, CALLE B, C/C CALLE D, ', '0212-4627801', '', 1),
(123, '500 MILLAS LUBRICANTES Y ACCESORIOS, C.A ', 'J001430261', 'CARACAS', 'PUENTE HIERRO A GUAYABAL, EDF. OLIPAR, LOCAL A, RO', '0212-5419468', '', 1),
(124, 'AUTO CYCLONE S A ', 'J001404759', 'CARACAS', 'AV. PRINCIPAL COLINAS DE BELLO MONTE, EDIF. EL CIG', '0212-7533913', '', 1),
(125, 'AUTOREAL, C.A.', 'J308344737', 'CARACAS', '', '0212-2375338', '', 1),
(126, 'AUTO REPUESTOS EL CACIQUE, C.A ', 'J302734304', 'CARACAS', 'Av. Municipal Nº 34, Anzoategui', '0212-2661359', '', 1),
(127, 'AUTOMOTRIZ M.G.H, C.A', 'J300741613', 'CARACAS', 'SUBIDA DE LOS NARANJOS, EDF. EL CAFETAL, CARACAS', '0', '', 1),
(128, 'C.A, VENCEMOS ', 'J002828609', 'CARACAS', 'CALLE LONDRES, EDIF. CEMEX VENEZUELA, URB. LAS MER', '0212-3510085', '', 1),
(129, 'CANAL AUTOMOTRIZ S.A.', 'J000096791', 'CARACAS', 'CALLE 06, LA URBINA, ZONA IND. LA URBINA, DIAGONAL', '0212-2416903', '', 1),
(130, 'COLECTIVOS TIERRA FIRME, C.A ', 'J000977356', 'CARACAS', 'AV. PRINCIPAL TURMERITO, SECTOR INDUSTRIAL LAS MAY', '0212-6822495', '', 1),
(131, 'COMERCIAL AUTO PERIQUITO DON PACO, C.A ', 'J303361196', 'CARACAS', 'AV. BOLIVAR, URB EL FRIO, LOCAL ES 9 Y 11 PUERTO L', '0', '', 1),
(132, 'CONCESIONARIOS MB DE VENEZUELA, S.A REPETOD', 'J30197668', 'CARACAS', 'KM. 08, CARRETERA PANAMERICANA, EDO- MIRANDA', '0', '', 1),
(133, 'CORPOMOTRIZ LOS SALIAS, C.A ', 'J303574190', 'CARACAS', 'CARRETERA PANAMERICANA KM. 15, C.C. CASA BLANCA, L', '0212-3728925', '', 1),
(134, 'CRAZY MOTORS, C.A ', 'J301510232', 'CARACAS', 'AV. CIUDAD UNIVERSITARIA, LOS CHAGUARAMOS, CARACAS', '0', '', 1),
(135, 'DEPOSITOS INDUSTRIALES, S.A "DISA"', 'J075042204', 'VALENCIA', 'AV. LA PAZ, CUMBOTO SUR, VALENCIA EDO- CARABOBO', '0', '', 1),
(136, 'DISTRIBUIDORA SOTERO SOUMEN, C.A ', 'J003025500', 'CARACAS', 'CARRETERA NACIONAL, GUARENAS GUATIRE, SECTOR LAS F', '0212-3810271', '', 1),
(137, 'DISTRIBUIDORA EL PALACIO DEL LUBRICANTE, C.A ', 'J305376956', 'CARACAS', 'AV SIETE ENTRE CALLE PERU Y BOLIVAR, URB. PEREZ BO', '0212-8736310', '', 1),
(138, 'EXPRESOS EXCARGUAICA, C.A ', 'J303880487', 'CARACAS', 'URB. ARBELO, AV. SIMON BOLIVAR, QUINTA ALTAMIRA AL', '0', '', 1),
(139, 'F & C SERVICIO AUTOMOTRIZ, C.A ', 'J306925082', 'CARACAS', 'AV. BOLEITA SUR, FINAL 3RA TRANSBERSAL, GALPON 37,', '0212-2348648', '', 1),
(140, 'G.C. AUTOPARTES INSULAR, C.A ', 'J312484934', 'PORLAMAR', 'C.C. 4 DE MAYO, C/C AV. 4 DE MAYO Y JOSE ANTONIO A', '0212-2645781', '', 1),
(141, 'GLOBAL GAS, C.A ', 'J304947577', 'CARACAS', 'PARCELAMIENTO INDUSTRIAL LA FE, PARCELA C-9, MACAR', '0212-4339511', '', 1),
(142, 'DISTRIBUIDORA DE ALIMENTOS HNOS CAMACHO,C.A', 'J002091347', 'CARACAS', '1ERA CALLE LOS MOLINOS, QTA. SANTA MONICA, SAN MAR', '0212-4617232', '', 1),
(143, 'INVERSIONES TRANSPONTE, C.A ', 'J003245950', 'CARACAS', 'URB. INDUSTRIAL LA TRIPLE, PARCELA Nº 01, CARRETER', '0212-2480347', '', 1),
(144, 'LUBRICANTES MBA, C.A ', 'J310028940', 'CARACAS', 'CARRETERA STA. LUCIA, FILAS DE MARIACHI KM 04, CAR', '0', '', 1),
(145, 'LA LUCHA, C.A', 'J000213194', 'CARACAS', 'AV. PEDRO RUSSO FERRER, ZONA INDUSTRIAL EL TAMBOR,', '0212-3211538', '', 1),
(146, 'LEOPOL, C.A ', 'J305594082', 'VALENCIA', 'AV. PRINCIPAL CENTRO, C.C. ARAGUAMAR, PARCELA 04, ', '0', '', 1),
(147, 'LINO FAYEN, C.A ', 'J000731160', 'CARACAS', 'AV. LIBERTADOR C/CALLE LAS ACACIAS, EDIFICIO LA VE', '0212-7829911', '', 1),
(148, 'DE LEON DIAZ MIGUEL ANGEL', 'V079272422', 'CARACAS', 'URB. ARBELO, AV. SIMON BOLIVAR, QUINTA ALTAMIRA AN', '', '', 1),
(149, 'MULTIREPUESTOS EL MORRO, S.R.L', 'J306811176', 'PUERTO LA CRUZ', 'AV. DIEGO VEBANEAS, C/C BOLÍVAR, LECHERÍA, EDO- AN', '0212-810104', '', 1),
(150, 'PARQUEMOTRIZ, S.A (HYUNDAI)', 'J305595798', 'CARACAS', 'AV. FRANCISCO DE MIRANDA FRENTE A PARQUE CANAIMA, ', '0212-2868943', '', 1),
(151, 'PLASTIC TRANSPORTE, C.A ', 'J001671331', 'CARACAS', 'KM. 08, CARRETERA PANAMERICANA, SECTOR REMIVECA, E', '0', '', 1),
(152, 'R.V.RODOVIAS DE VENEZUELA, C.A ', 'J003084026', 'CARACAS', 'CARRETERA PANAMERICANA, KM. 14, SECTOR LAS MINAS, ', '0', '', 1),
(153, 'REPUESTOS EUROJAPON, S.A ', 'J306443100', 'PORLAMAR', 'AV. INTERCOMUNAL LAS GARZAS, EDF. HIELO ORIENTE, L', '0241-2860490', '', 1),
(154, 'SIGO, C.A ', 'J080030486', 'PORLAMAR', 'AV. JUAN BATISTA ARISMENDI, EDIFICIO SIGO "LA PROV', '0', '', 1),
(155, 'COMERCIALIZADORA TECNAVAL, C.A', 'J304791275', 'CARACAS', 'AV. FRANCISCO DE MIRANDA, EDIF. BANCO DEL ORINOCO,', '0', '', 1),
(156, 'TRANSPORTE FAGA Y BOVINELLI, C.A ', 'J070041730', 'MARACAIBO', 'CIRCUNVALACIÓN II, Nº 115- 179, MARACAIBO, EDO- ZU', '021-35366', '', 1),
(157, 'TRANSPORTE GORRIN,C.A', 'J002086106', 'GUATIRE', 'PARQUE INDUSTRIAL KEMPIS, PARCELA 01, GUATIRE, EDO', '0', '', 1),
(158, 'TRANSPORTE FELIPE EXPOSITO, C.A', 'J002672420', 'LOS TEQUES', 'EL VIJIAS, CALLE LA FRANCESA, C/CALLEJÓN EL BOSQUE', '0212-3644998', '', 1),
(159, 'TRANSPORTE MAGITRANS, C.A', 'J303469264', 'CHARALLAVE', 'AV. PRINCIPAL SACUA CHARALLAVE, SECTOR SACUA, ZONA', '0', '', 1),
(160, 'TRINIREPUESTOS, C.A', 'J307237520', 'CARACAS', 'CALLE BOLIVAR Nº 33, LA TRINIDAD', '0212-9457035', '', 1),
(161, 'TROPIGAS, S.A.CA.', 'J000114188', 'CARACAS', 'AV. LUIS ROCHA CON 3RA TRANSVERSAL, EDIF. BRONCE, ', '0212-267811', '', 1),
(162, 'TURISMO DE LUJO, C.A', 'J000631514', 'CARACAS', 'PROLONGACIÓN AV. ZULUAGA, CALLE LOS CLUBES, LOS RO', '02126900911', '', 1),
(163, 'AGROBUEYCA, S.A', 'J307140470', 'SANTA CRUZ', 'ZONA INDUSTRIAL SANTA CRUZ AV. Nº03, PARCELA Nº A-', '0243.3009100', '', 1),
(164, 'AGROPECUARIA EMPACADITO, C.A .', 'J311947809', 'VALENCIA', 'Av. Eugenio Mendoza, Edif. Protinal, Valencia', '0241-6150326', '', 1),
(165, 'ALIMENTOS DEL CENTRO ALCECA, C.A', 'J302770807', 'CAGUA', 'Calle 1era Transversal Izquierda s/n Zona Industri', '0244-4711404', '', 1),
(166, 'ALIMENTOS LA CARIDAD, C.A', 'J075387341', 'MARACAY', 'AV 6TA. EDIF. LA CARIDAD PISO 2 OF 2 URB. LA SOLED', '0243-2618216', 'zaida.campos@grupolacaridad.com', 1),
(167, 'VENEALIÑOS ALIÑOS VENEZOLANOS C,A.', 'J002291753', 'CARACAS', 'CALLE LONDRES CON CALLE TRINIDAD, EDIF. MARACAPANA', '0243-3833332', '', 1),
(168, 'ALMACENES FRIGORIFICOS DEL CENTRO, C.A ', 'J075287126', 'MARACAY', 'ZONA INDUSTRIAL, SAN VICENTE I, CALLE J, C/CALLE I', '0243-4148096', '', 1),
(169, 'AUTO REPUESTOS CATARINAS, C.A ', 'J305378843', 'MARACAY', 'AV LOS CEDROS No 159 C/C BERMUDEZ MARACAY - ARAGUA', '0243-359275', '', 1),
(170, 'AUTO REPUESTOS CRISTAL C.A.', 'J306733426', 'MARACAY', 'AV. BERMUDEZ NRO. 116 SECTOR BARRIO LOURDES MARACA', '0243-2460889', 'AUTOREPUESTOSCRISTAL@HOTMAIL.COM', 1),
(171, 'BARNICES VENEZOLANOS C.A BARNIVENCA', 'J075402936', 'MARACAY', 'ZONA INDUSTRIAL SAN VICENTE II, GALPON 5-A, MARACA', '0243-5515685', '', 1),
(172, 'CEBRA, S.A', 'J000128820', 'CAGUA', 'AV. PRINCIPAL DE CAMPO ALEGRE, Nº 116-01-06, ZONA ', '0244-3958757', '', 1),
(173, 'CUEROS CAGUA (NO)', 'J31507347', 'MARACAY', 'Av. Constitución Este, Nº 204', '0243-2361504', '', 1),
(174, 'ESCUELA DE AVIACION MILITAR', 'G200035943', 'MARACAY', 'CARRETERA VIEJA, VIA MARIARA, SECTOR BOCA DE RIO, ', '0', '', 1),
(175, 'ESTACION DE SERVICIO LA ESTRELLA (NO)', 'V04159984', 'MARACAY', 'CALLE Nº67 (CECILIA ACOSTA), C/C AV. 11, MARACAY', '0243-7982685', '', 1),
(176, 'ESTACION DE SERVICIO LAGUNA 3003, C.A. (NO)', 'J305212664', 'CAGUA', 'CARRETERA NACIONAL LA ENCRUCIJADA FTE, PARQUE CODA', '0', '', 1),
(177, 'INDUSTRIAS RUANSA DE VENEZUELA, C.A ', 'J075894685', 'MARACAY', 'ZONA INDUSTRIAL SANTA CRUZ, PARCELA 14-C, ENTRE AV', '0', '', 1),
(178, 'MAQUINARIAS PRATOLONGO, C.A ', 'J075324870', 'MARACAY', 'CALLE GIRARDOT, Nº 75, ESQ. JUNIN, BARRIO LOURDES', '0243-2462753', 'maqpratolongo@yahoo.com', 1),
(179, 'INDUSTRIAS OREGON, S.A ', 'J000768730', 'MARACAY', 'AV. FRANCISCO DE MIRANDA, EDIFICIO CAVENDES, PISO ', '0243-5536435', '', 1),
(180, 'KALSTEIN EQUIPOS PARA LABORATORIOS,C.A.', 'J313211192', 'MARACAY', 'AV. BOLIVAR, FRENTE AL C.C. PARQUE ARAGUA, MARACAY', '0414-4621700', '', 1),
(181, 'LABORATORIOS SERVECO C.A', 'J303705685', 'MARACAY', 'CL. LAS MARGARITAS, CENTRO COMERCIAL EL LIMON, PIS', '0243-2836866', '', 1),
(182, 'LUBRI CENTER NO', 'V09563245', 'ACARIGUA', 'AV. PAEZ FRENTE AL ACERRADERO ACARIGUA, EDO PORTUG', '0416-6758343', '', 1),
(183, 'LUBRICANTES LA BARRACA C.A', 'J075074025', 'MARACAY', 'CALLE ORINOCO CON REDOMA DEL AVION, MARACAY ', '0243-2713243', '', 1),
(184, 'MULTISERVICIOS AUTOMOTRIZ, 2000, C.A', 'J306314768', 'MARACAY', 'CALLE 14, C/3 RA, AV. 83, SAN JOSE, MARACAY ', '0243-2358210', '', 1),
(185, 'PLUMROSE LATINOAMERICANA, C.A ', 'J000193614', 'CARACAS', 'PROLONGACIÓN AV. TRIESTE C/C MIRANDA, URB. LOS RUI', '0244-3901482', '', 1),
(186, 'PRODUCTOS BALANCEADOS, C.A ', 'J075272617', 'GUACARA', 'AV. PRINCIPAL, ZONA INDUSTRIAL SAN CARLOS PLANTA P', '0241-6134251', '', 1),
(187, 'RADIADORES ALPES, C.A', 'J314181246', 'TURMERO', 'CALLE LOS PROCERES No 20 URB 19 DE ABRIL VIA TURME', '0243-2691866', '', 1),
(188, 'REDICA IMPORT, C.A', 'J308516317', 'TURMERO', 'AV. LOS AGRICULTORES, CON CALLE 27, EDIFICIO FOVA,', '0', '', 1),
(189, 'RHODIA SILICES DE VENEZUELA, C.A', 'J307196971', 'BARQUISIMETO', 'ZONA INDUSTRIAL II, AMPLIACIÓN CARRERA 3-A, PARCEL', '2690979/ 2690882', '', 1),
(190, 'SANIFARMA PAÑALEX, C.A ', 'J002185449', 'MARACAY', 'SAN VICENTE II, CALLE G, FRENTE A PROYECTOS PET. M', '0243-5515590', '', 1),
(191, 'LA ENCRUCIJADA MOTOS, C.A.', 'J403941882', 'CAGUA', 'CTRA. LA ENCRUCIJADA DE TURMERO CC LA ENCRUCIJADA ', '0244-3954917', '', 1),
(192, 'SENDERAUTO, C.A.', 'J302590302', 'TURMERO', 'AV. INTERCOMUNAL TURMERO- MARACAY, PARCELA A, LOTE', '0243-2693475/2694177', 'serviciosenderauto@gmail.com', 1),
(193, 'TAMCAR, C.A', 'J300091899', 'MARACAY', 'AV. ARAGUA OESTE Nº 40, BARRIO BOLIVAR, MARACAY', '0243-3345476', '', 1),
(194, 'TELARES LIBAVEN, C.A ', 'J002063637', 'MARACAY', 'ZONA INDUSTRIAL SAN VICENTE I, MARACAY', '0243-536711', '', 1),
(195, 'TRANSPORTE HERGRAS, C.A ', 'J003596906', 'MARACAY', 'CALLE RAMÓN NARVÁEZ, MARACAY EDO- ARAGUA', '0', '', 1),
(196, 'TRAPOVEN, C.A ', 'J000789002', 'CARACAS', 'AV.GUSTAVO DALEN,PARCELA 29 GALPON 4, ZONA INDUSTR', '0241-5516150', '', 1),
(197, 'VENSABOR CARACAS, C.A ', 'J305946000', 'CARACAS', 'CALLE ANDRÉS GALARRAGA, EDIF. FRANCA, CHACAO, CARA', '0243-5536867', '', 1),
(198, 'ZEPZA DE VENEZUELA, C.A ', 'J305395276', 'VALENCIA', 'AV. PRINCIPAL DE LA URB. EL PARRAL, CENTRO COMERCI', '0246-4308127', '', 1),
(199, 'AUTO SERVICIOS LUBRI REPUESTOS, C.A.', 'J304580800', 'VALENCIA', 'AV. PASEO CARRIALES, C.C. COMERCIO Y PAEZ, LOCAL N', '0', '', 1),
(200, 'DI LORENZO GAMEZ ASOC C.A.', 'J305187681', 'VALENCIA', 'AV. MICHELENA Nº 110- 140, ENTRE LISANDRO ALVARADO', '0241-8357378', '', 1),
(201, 'AUTO SERVICIO LATINO, C.A NO', 'J300532055', 'VALENCIA', 'AV. MAITIN ENTRE LARA Y 24 DE JUNIO, Nº 95-8, SECT', '02418592345', '', 1),
(202, 'TRANSPORTE JJ, C.A ', 'J075335414', 'CARACAS', 'LOS SAMANES Nº 312, CALLE LAS MERCEDES, VALENCIA', '0241-8472417', '', 1),
(203, 'AUTOMOVILES DEL MAR CARIBE AUTOMAR, C.A ', 'J075578430', 'VALENCIA', 'AV. PASEO CABRIALES, C/C CALLE INDEPENDENCIA, LOCA', '0241-8590490', '', 1),
(204, 'AUTOMOTORES LA PURISIMA, C.A ', 'J307550139', 'VALENCIA', 'AV. ANDRES ELOY BLANCO, URB. SANTA CECILIA, VALENC', '0', '', 1),
(205, 'CONCESIONARIO VECOVAL, S.A.', 'J301976681', 'VALENCIA', 'ZONA INDUSTRIAL MUNICIPAL NORTE, AV. ESTE/OESTE Nº', '0241-8385011', '', 1),
(206, 'DISTRIBUCIONES CALVO, C.A. ', 'J303470394', 'VALENCIA', 'URB. LAS CHIMENEAS, RESD. EL PEDREGAL, VALENCIA', '0241-8223649', '', 1),
(207, 'DISTRIBUIDORA NOSVI, C.A ', 'J075761430', 'VALENCIA', 'ZONA INDUSTRIAL SUR 1ERA CALLE DOMINGO OLIVARRIA C', '0241-8329228', '', 1),
(208, 'EL RETOÑO, C.A ', 'J302473926', 'VALENCIA', 'ZONA INDUSTRIAL EL RECREO, CALLE B, C/C CALLE D, P', '0241-4187860', '', 1),
(209, 'ESTACION DE SERVICIO EL PORTAL DE SAN DIEGO, C.A ', 'J302573696', 'VALENCIA', 'CTRA VIA SAN DIEGO C/C INTERCOMUNAL CC EL PORTAL N', '0241 8912120', '', 1),
(210, 'ESTACION DE SERVICIO GAS SUPER STATION, C.A (NO)', 'J07582735', 'VALENCIA', 'Paseo Cuatricentenario Valencia ', '0241-8244078', '', 1),
(211, 'ESTACION DE SERVICIO PRADO (NO)', 'V30174582', 'VALENCIA', 'AUTOPISTA VALENCIA CAMPO CARABOBO ', '0241-8354243', '', 1),
(212, 'ESTACION DE SERVICIO SAN ANTONIO C.A.', 'J307050322', 'VALENCIA', 'AUTOPISTA CAMPO DE CARABOBO, SECTOR TOCUYITO, VALE', '0241-8979039', '', 1),
(213, 'EXPOAUTO II, C.A (NO)', 'V30632379', 'VALENCIA', 'Av. Bolivar, Calle 150 la Alegria, Valencia, Edo- ', '0', '', 1),
(214, 'FIADILER II, C.A NO', 'V30544792', 'VALENCIA', 'Av. Cedeño C/C Briceño Mendez, Centro Comercial LF', '0241-5582620', '', 1),
(215, 'FRESCAR S.R. L ', 'J302624045', 'VALENCIA', 'CALLE EL REFUGIO, SECTOR GUAYABAL, NAGUANAGUA, EDO', '0241-8672146', '', 1),
(216, 'LAUMOTOR, C.A', 'J309132563', 'MARACAY', 'AV. LOS CEDROS Nº 228, MARACY EDO- ARAGUA', '0', '', 1),
(217, 'LUBRICANTES MICHELENA C.A.', 'J075146000', 'VALENCIA', 'AV. MICHELENA CC INAVI NIVEL PB LOCAL 54-D, 56-F. ', '0241-8581695', '', 1),
(218, 'LUBRICANTES Y REPUESTOS F.DUARTES C.A.', 'J312363304', 'VALENCIA', ' URB.LA ESMERALDA, MANZANA A-9, CASA Nº 04, AL LAD', '0241-8724302/8712181', '', 1),
(219, 'MOTOMAR 2000, C.A ', 'J305940991', 'MARACAY', 'AV.BOLIVAR ESTE EDIF MOTOMAR PISO PB LOCAL 52 URB ', '0243- 3361011', 'motomar2000@cantv.net', 1),
(220, 'MULTISERVICIOS AEROPUERTO, C.A', 'J308921459', 'VALENCIA', 'PARQUE COMERCIO IND. AEROPUERTO, VIA FLOR AMARILLO', '0241-8641989', '', 1),
(221, 'NEPA MOTORS C.A.', 'J075395115', 'MARACAY', 'AV. PRINCIPAL, SAN AGUSTIN, MARACAY', '0', '', 1),
(222, 'PREMEZCLADOS VENEZOLANOS, C.A', 'J306355715', 'VALENCIA', 'URB. PARQUE COMERCIO, AV. 67, PARCELA 33M, Nº 102-', '0241-8716875', '', 1),
(223, 'REPUESTOS AUTO PUNTO, C.A NO ', 'J30929325', 'VALENCIA', 'Av. Andres Eloy Blanco, Nº 112-273, Edo- Carabobo ', '0241-8256823', '', 1),
(224, 'BEMARKA C.A', 'J303934226', 'VALENCIA', 'AV FERNANDO FIGUEREDO CC ESCALONA NIVEL PB LOCAL 4', '0241-8587067', '', 1),
(225, 'SUDIAUTO, C.A ', 'J310383049', 'VALENCIA', 'CALLE SILVA, ENTRE AV. ARÁNZAZU CON ESCALONA, LOCA', '0241-8355804', '', 1),
(226, 'TRANSPORTE CROCETTI, C.A ', 'J000823790', 'VALENCIA', 'VÍA SAN DIEGO, FRENTE AL HOTEL SAN DIEGO, VALENCIA', '0241-717198', '', 1),
(227, 'TRANSPORTE JUBECA,C.A', 'J085152563', 'VALENCIA', 'URB. INDUSTRIAL CASTILLITO PARCELA P-10, FRENTE A ', '0241-8715183', '', 1),
(228, 'TRANSPORTE INTERMUNDIAL , S.A.', 'J075193687', 'VALENCIA', 'AV 73 NRO 103-500 CARRETERA VALENCIA GUIGUE, AL LA', '0241-314604', '', 1),
(229, 'VELCHA S CAMIONES, C.A', 'J301463676', 'GUACARA', 'URB. LOMA LINDA, CALLE 02-08 Nº 282, 3RA. ETAPA, Q', '0241-564775', '', 1),
(230, 'AUTO ACCESORIOS EL VALLE, C.A.', 'J311060014', 'MARACAY', 'AV. MARACAIBO CON CALLE AYACUCHO Nº 01 AL LADO DEL', '0243-2152184', 'AUTOACCESORIOSELVALLE@HOTMAIL.COM', 1),
(231, 'AUTOLAVADO SUPREMO, S.A ', 'J075519574', 'MARACAY', 'AV. UNIVERSIDAD Nº 09, EL LIMON, MARACAY EDO ARAGU', '0243-0835136', ' leonardoomacedo30@gmail.com', 1),
(232, 'CAUCHOLANDIA, D.C, C.A.', 'J310144044', 'MARACAY', 'AV. LOS CEDROS, Nº 161 AL FRENTE DE LA BOMBA BERMU', '0243-2359137', '', 1),
(233, 'EKA CHEMICALS DE VENEZUELA, C.A ', 'J002812559', 'MARACAY', 'ZONA INDUSTRIAL, SANTA CRUZ, CARRETERA NACIONAL CA', '0243-2622233', '', 1),
(234, 'FERRETERIA HOYO DE LA PUERTA, C.A ', 'J003049778', 'CARACAS', 'AV. PRINCIPAL EL HOYO DE LA PUERTA, FRENTE AL REST', '0212-9420085', '', 1),
(235, 'FIANEVOLA REPUESTOS C.A.', 'J075589092', 'MARACAY', 'CALLE PAEZ OESTE, Nº 187, MARACAY', '0', '', 1),
(236, 'FIAREPUESTOS, C.A REPETIDO', 'J31047441', 'MARACAY', 'AV. LOS CEDROS C/C JUNIN Nº 96-1, BARRIO LOURDES, ', '0243-2474297', '', 1),
(237, 'AUTO REPUESTOS FIATMAR, C.A.', 'J075582861', 'MARACAY', 'AV. CONSTITUCION ESTE, ENTRE CALLE 12 Y 15, SAN JO', '0243-2370990', '', 1),
(238, 'GRUPO AEREO DE TRANSPORTE ADMINISTRATIVO Nº04 ', 'G200028211', 'CARACAS', 'BASE AÉREA GENERALÍSIMO FRANCISCO DE MIRANDA, CARA', '0', '', 1),
(239, 'MULTISERVICIOS SAN JOSE, C.A ', 'J307481420', 'MARACAY', 'AV. CONSTITUCION ESTE, MARACAY', '0243-2341645', '', 1),
(240, 'TRANSPORTE 4-G, C.A.', 'J309835246', 'MARACAY', 'CALLE LOS TANQUES, GALPÓN S/N, ZONA INDUSTRIAL, SA', '0', '', 1),
(241, 'AGROPECUARIA AVIYARA, C.A.', 'J308378844', 'MARACAY', 'Asentamiento cuara vieja, Sector los Orcones, Chiv', '0', '', 1),
(242, 'BEVERAGE DRAFT I -144, C.A ', 'J306550593', 'GUACARA', 'ZONA INDUSTRIAL DE MARACUAY, HACIENDA EL ENCANTO, ', '0212-2581670', '', 1),
(243, 'CHEMICAL TEMPERTONE INTERNACIONAL, C.A ', 'J304517122', 'VALENCIA', 'AV. PADRE BEJERETI Nº 93-15', '0', '', 1),
(244, 'COSMETICOS ST IVES, C.A', 'J002399082', 'CARACAS', 'PASEO GUAICAIPURO, EDIF. 02 RIOS BARUTA', '0212-934766', '', 1),
(245, 'CONDOMINIO SAN LUIS ', '11935134', 'MARACAY', 'CONDOMINIO RESIDENCIAS SAN LUIS, LAS DELICIAS EDO.', '0', '', 1),
(246, 'CYMSA CALDERAS Y MANTENIMIENTO, S.A ', 'J308472352', 'VALENCIA', 'AV. PROLONGACIÓN MICHELENA, C.C ARA NAVE D, LOCAL ', '0241-8320810', '', 1),
(247, 'HIDRO TALLERES NEPTUNIA, C.A ', 'J308238309', 'VALENCIA', 'ZONA INDUSTRIAL LOS GUAYOS AV. 37, PARCELA 64, PAR', '0245-5717574', '', 1),
(248, 'INVERSIONES PLASTIENVASES H.H. , C.A ', 'J307905832', 'VALENCIA', 'C.C. BOULEVAR CASTILLITO, GALPON G26, ZONA INDUSTR', '0241-8717729', '', 1),
(249, 'MATADERO DEL CAMPO, C.A ', 'J305900744', 'TINAQUILLO', 'ZONA INDUSTRIAL CALLE 05 C/C CALLE 02, PARCELA Nº ', '0', '', 1),
(250, 'MONREVI, C.A no', 'J301146760', 'GUACARA', 'GUACARA, EDO- CARABOBO', '0', '', 1),
(251, 'MULTILAC,C.A.', 'J301570375', 'VALENCIA', 'ZONA INDUSTRIAL LA QUISANDA CIRCUNVALACIÓN 01 GALP', '0', '', 1),
(252, 'MY FACTORY, C.A', 'J313034703', 'MATURIN', 'CALLE 03, Nº 195, URB. LA ARBOLEDA SECTOR TIPURO, ', '0', '', 1),
(253, 'NESTLE VENEZUELA, S.A', 'J000129266', 'CARACAS', 'AV. LIMA, C/PASEO COLON EDIF. POLAR, PISO 06, PLAZ', '0253-6631234', '', 1),
(254, 'PLASTICOS DE EMPAQUE, C.A ', 'J075461827', 'VALENCIA', 'CALLE GENERAL ARISMENDI C/C HANS NEWMAN, EDF. PLAS', '0', '', 1),
(255, 'POLLOS CRUJIENTES BARINAS, C.A NO', 'J31265001', 'GUATIRE', 'Calle Buena Aventura Vista Place, PB Local PL15', '0212-2328501', '', 1),
(256, 'PRECISIONES MECANICAS INDUSTRIALES. C.A.', 'J296692629', 'MARACAY', 'ZONA INDUSTRIAL SAN VICENTE II', '0', '', 1),
(257, 'PRODUCTORAS DE PULPAS SOLEDAD PROPULSO, C.A ', 'J003072486', 'SOLEDAD', 'AV.FRANCISCO DE MIRANDA EDF.CAVENDES PISO 13 OFC 1', '0285-2853122', '', 1),
(258, 'PROMALT IND, C.A', 'J302466458', 'BARQUISIMETO', 'ZONA IND. CONDIMAR II, COMPLEJO IND. LARA, GALPÓN ', '0251-2692844', '', 1),
(259, 'PROTINAL DEL ZULIA, C.A ', 'J070045450', 'MARACAIBO', 'MARACAIBO', '0', '', 1),
(260, 'REPRESENTACIONES FERNANDO MARIN, C.A ', 'J303001254', 'CIUDAD OJEDA', 'CARRETERA L, CALLE 07, LOCAL REFERMACA, CIUDAD OJE', '0265-6312007', '', 1),
(261, 'SALES VENEZOLANAS, C.A ', 'J301718356', 'GUACARA', 'AV. PRINCIPAL ZONA INDUSTRIAL EL TIGRE, PARCELA E-', '0245-5640513', '', 1),
(262, 'TALLERES METALEMECANICOS NEPTUNIA, C.A ', 'J075733290', 'GUACARA', 'AV. CÁMARA DE LAS INDUSTRIAS, ZONA INDUSTRIAL EL T', '0245-5714286', '', 1),
(263, 'VICSON, S.A ', 'J000384118', 'VALENCIA', 'ZONA INDUSTRIAL SUR, CALLE 1ERA. CALLE, ENTRE AV.H', '0241-8749140', '', 1),
(264, 'ALIMENTOS MULCOVEN, C.A ', 'J306998209', 'GUATIRE', 'Zona industrial Terrina, Av. Orinoco Galpon B-1, G', '0212-3441065', '', 1),
(265, 'CARTÓN DE VENEZUELA, S.A ', 'J000056668', 'CARACAS', 'CALLE EL HATILLO, PETARE, EDO- MIRANDA', '0212-2051119', '', 1),
(266, 'LABORATORIOS VARGAS, S.A.', 'J000215367', 'CARACAS', 'AV.NORTE SUR O ESQUINA DE PIEDRAS A PUENTE RESTAUR', '0212-4090591', '', 1),
(267, 'MINERA LOMA DE NIQUEL, C.A ', 'J003412716', 'CARACAS', 'AUTOPISTA REGIONAL DEL CENTRO, KM. 54, NUEVA VIA T', '0212-2014796', '', 1),
(268, 'PAVCO DE VENEZUELA, S.A', 'J000372969', 'MARACAY', 'AV. BERMUDEZ SUR, URB. EL CENTRO, EDIFICIO PLAYCEN', '0239-2125444', '', 1),
(269, 'PEPSICO ALIMENTOS, S.C.A. ', 'J000338000', 'CARACAS', '2DA. TRANSVERSAL LOS CORTIJOS DE LOURDES, EDIFICIO', '0212-2028686', '', 1),
(270, 'CORRUGADORA LATINA & CIA.', 'J309269801', 'VALENCIA', 'AV. DOMINGO OLIVARRIA, ZONA INDSUSTRIAL MUNICIPAL ', '0', '', 1),
(271, 'ALUM BILLETS, C.A CAMBIO DIRECION ZULI', 'J30921582', 'VALENCIA', 'Urb. Industrial el Recreo, Sector 04,. Calle C, Ga', '0241-8783120', '', 1),
(272, 'POLLOS VENEZOLANOS PROGRANCA, C.A', 'J075472969', 'VALENCIA', 'AV. INTERCOMUNAL LA ISABELICA, HACIENDA BOCA DE RI', '0', '', 1),
(273, 'HIDROFILOS Y DERIVADOS VENEZOLANOS C.A.', 'J075267796', 'VALENCIA', ' AV. PRINCIPAL PARCELA 1-17. EDIF. HIDEVEN ZONA IN', '0241783691', '', 1),
(274, 'TELARES CARONI,C.A ', 'J000672946', 'GUARENAS', 'URB. INDUSTRIAL CLORIS AV. ESTE 1, EDIF. CARONÍ, G', '0212-3621133', '', 1),
(275, 'PANTINA COSMETIC INC, C.A ', 'J302568650', 'CARACAS', 'ZONA INDUSTRIAL DE PALO VERDE, EDIFICIO JOHNFRAN, ', '0212-2516880', '', 1),
(276, 'HOLCIM PREMEZCLADOS, C.A', 'J301328159', 'VALENCIA', 'CALLE 92, ZONA INDUSTRIAL MUNICIPAL NORTE, CASA 64', '0414-2434419', '', 1),
(277, 'EXRO L.T.D.A', '860052601', 'BOGOTA', 'CARRERA 41, Nº 167-27, BOGOTA, DC. COLOMBIA ', '571-6767900', '', 1),
(278, 'LUIS ALFONSO ALVARADO FREITEZ', 'V096970877', 'MARACAY', 'CALLE LIBERTAD Nº 178, SANTA ROSA, MARACAY EDO. AR', '0', '', 1),
(279, 'MARQUEZ ELIODORO A', 'V041511253', 'PUERTO CABELLO', 'URB. LA SORPRESA, CALLE LOS MOLINOS, PTO. CABELLO,', '0', '', 1),
(280, 'MULTI SERVICIOS DON LUIS, C.A', 'J075802365', 'VALENCIA', 'AVENIDA SALVADOR FEO LA CRUZ, (MAÑONGO), VALENCIA ', '0', '', 1),
(281, 'PICOS CONGELADOS DE VENEZUELA, C.A ', 'J312650010', 'CARACAS', 'C/C BUENA VENTURA VISTA PLACE, P.B.LOCAL PL15 GUAT', '0', '', 1),
(282, 'INSECTICIDAS INTERNACIONALES, C.A', 'J000509956', 'CAGUA', 'AV. ISAIAS MEDINA ANGARITA, SECTOR CAMPO ALEGRE, Z', '0', '', 1),
(283, 'SERVIRADIADORES BARQUISIMETO, C.A', 'J315073471', 'MARACAY', 'AV. CONSTITUCIÓN ESTE, Nº204, MARACAY EDO-ARAGUA', '0243-2361504', '', 1),
(284, 'JOSE GREGORIO AYALA ', 'V013649924', 'VALENCIA', 'CALLE RANGEL C/C BRANGER SECTOR MICHELENA Nº92-25,', '0', '', 1),
(285, 'DYNO NOBEL VENEZUELA, C.A ', 'J307056797', 'VALENCIA', 'CARRETERA NACIONAL MORON-CORO, KM 01, MORON EDO-CA', '0', '', 1),
(286, 'MULTISERVICIOS ORINOCO,C.A.', 'J313534668', 'MARACAY', 'AV. 19 DE ABRIL CON CALLE SUCRE, Nº32 MARACAY, EDO', '0', '', 1),
(287, 'TECHPROD, C.A', 'J31468097', 'CARACAS', 'AV. FRANCISCO DE MIRANDA, URB. CHACAO, EDIF. TIOCO', '0', '', 1),
(288, 'VAS VENEZUELA, S.A', 'J307218746', 'VALENCIA', 'AV CARABOBO, EDIFICIO CORPORATIVO VILLA PLAZA, PIS', '0', '', 1),
(289, 'CENTRO DE SERVICIOS Y LUBRICANTES ORINOCO,C.A.', 'J309120360', 'MARACAY', 'CALLE 12 CASA NRO 44 URB LA BARRACA MARACAY EDO AR', '0243-2175940', '', 1),
(290, 'TU ELECTRO FILTRO LA VIVIENDA, C.A', 'J311874526', 'VALENCIA', ' AV. PRINCIPAL VIVIENDA POPULAR, FRENTE AL SECTOR ', '0241-8322608', ' tuelectrofiltro@gmail.com', 1),
(291, 'C.A LUBRICAR PUERTO LA CRUZ', 'J304889828', 'PUERTO LA CRUZ', 'URB. EL MAGUEY, ESTACIONAMIENTO CONTRUCENTRO, PUER', '0', '', 1),
(292, 'ANGEL RAFAEL OSORIO HERNANDEZ', 'V063602279', 'VALENCIA', 'VALENCIA, EDO. CARABOBO', '0', '', 1),
(293, 'DIMIRAD, C.A.', 'J301726758', 'MARACAY', 'AV. ARAGUA NRO 110, SECTOR ANDRES ELOY BLANCO MARA', '0', '', 1),
(294, 'COSMETICOS AMODIO, C.A.', 'J311424920 ', 'CARACAS', 'URB. INDUSTRIAL PALO VERDE, AV. LAS INDUSTRIAS EDI', '0212-2519502 / 25193', '', 1),
(295, 'MERSAN, C.A.', 'J075180720', 'TINAQUILLO', 'CALLE 5 CRUCE CON CALLE 2, PARCELA 16, ZONA INSUST', '0258-7662942', '', 1),
(296, 'ARALVEN, S.A.', 'J000898740', 'VALENCIA', 'ZONA INDUSTRIAL MUNICIPIO NORTE AV. 67 # 85-250, V', '0241-8333311- 832228', '', 1),
(297, 'GENERAL MOTORS VENEZOLANA, C.A.', 'J075577965', 'VALENCIA', 'ZONA IND. SUR II, AV. GENERAL MOTOR, VALENCIA -', '02418503516', '', 1),
(298, 'COMBUSTION PROCESOS Y MONTAJES DE VENEZUELA, C.A.', 'J300275051', 'MARACAY', 'AV.AV 48 PLANTA CPM NRO 487-112 SECTOR BARRIO BRIS', '026495595', 'JMGOMEZSIZA@GMAIL.COM', 1),
(299, 'ALMACENADORA LIBERTAD E.C., C.A.', 'J309447432', 'MARACAY', 'PUERTO DEL LITORAL CENTRAL LA GUAIRA ALMACEN A-4 S', '02123315211', '', 1),
(300, 'AUTO KING, C.A.', 'J305208751', 'CARACAS', 'CALLE EL SAMAN C/C PANTIN EDIF. AUTO KING CHACAO.', '02122631846', '', 1),
(301, 'INVERSIONES FRAMPA, C.A.', 'J303894666', 'MARACAY', 'URB. VALLE LINDO, SECTOR 1, CALLE 9, Nº 12, TURMER', '0243269', '', 1),
(302, 'SALSAS VENEZOLANA VBD, C.A.', 'J313692778', 'MARACAY', 'ZONA INDUSTRIAL SAN VICENTE I, CENTRO INDUSTRIAL R', '0243553', '', 1),
(303, 'ALIMENTOS PROCRIA, C.A.', 'J306451501', 'MARACAY', 'ENCRUCIJADA DE CHIVACOA PLANTA PROCRIA, ZONA INDUS', '02518801552', '', 1),
(304, 'TRANSPORTE CHAVEZ MARTIN, C.A.', 'J300830365', 'MARACAY', 'CALLE PEÑALVER Nº61, TURMERO ESTADO ARAGUA', '02446630162', '', 1),
(305, 'ESTACION DE SERVICIO SAN JACINTO, C.A.', 'J075404475', 'MARACAY', 'AV. BOLIVAR ESTE Nº266, LA BARRACA. MARACAY ESTADO', '02432335031', 'ESTACIONSANJANCINTO@HOTMAIL.COM', 1),
(306, 'SUPERENVASES ENVALIC, C.A.', 'J000986240', 'MARACAY', 'AV. HENRY FORD ZONA INDUSTRIAL SUR 11, VALENCIA ES', '02418397462', '', 1),
(307, 'C.A. AZUCA', 'J085151842', 'VALENCIA', 'CARRETERA LARA ZULIA Km 72 SECTOR PURI CAURE, PISO', '0252-4200200', '', 1),
(308, 'AUTOREPUESTOS SANTA BARBARA, C.A.', 'J314868594', 'MARACAY', 'CALLE GUAICAIPURO C/C Nº 9 LOCAL 73. LA BARRACA, M', '0243-2365859', '', 1),
(309, 'TRANSPORTE CONTRERAS PEREZ, C.A.', 'J307016710', 'VALENCIA', 'URB. IND. CASTILLO EDIF. LUIS SANCHEZ, GALPON Nº D', '02415718256', '', 1),
(310, 'INVER ORIENT, C.A.', 'J303294499', 'VALENCIA', 'PASEO CABRIALES ENTRE CALLE PAEZ Y COLOMBIA, VALEN', '02415718542', '', 1),
(311, 'ACCESORIOS RM C.A.', 'J315113830', 'VALENCIA', 'AV. ANDRES ELOY BLANCO C/C CALLEJON MUJICA, VALENC', '02415719683', '', 1),
(312, 'M.A TRUCKS KM 8 C.A.', 'J312175435', 'CARACAS', 'CARRETERA PANAMERICANA KM. 8, VIA LOS TEQUES MUNIC', '02122133921 04141802', 'mbmariateresa@gmail.com', 1),
(313, 'REPUESTOS ROSCIO 2006, C.A.', 'J315271931', 'VALENCIA', 'AV. ROSIO CENTRO COMERCIAL ARGA II, LOCALES 19 Y 2', '0241935685', '', 1),
(314, 'TALLER PINTO CENTER, C.A.', 'J002284099', 'VALENCIA', 'ZONA IND. PAMPERO, PARCELA Nº.42 AL LADO DE IND.PO', '02127412426', '', 1),
(315, 'MULTISERVICIOS INTEG 22, C.A.', 'J312890207', 'VALENCIA', 'AV.URDANETA ESQUINA MARRON A PELOTA, EDF. GENERAL ', '02125418263', '', 1),
(316, 'TECNO SERVICIOS TENERIFE, C.A.', 'J305074062', 'MARACAY', 'AV.PROLONGACION PARAMACONI Nº. 80 FTE.BASE AEREA L', '02432725847', '', 1),
(317, 'SAVIRAM C.A.', 'J000116016', 'VALENCIA', 'AV. ANTON.PHILLIPS, ZONA IND. SAN VICENTEI . MARAC', '02435518969', '', 1),
(318, 'REFRIMAX, C.A. NOOO', 'J315730960', 'VALENCIA', 'AV. EL ROSARIO URB. LOS CHORROS RES DORAL PISO 7 A', '02124718765', '', 1),
(319, 'Q VAR C A ', 'J075408225', 'MARACAY', 'CALLE I CRUCE CON CALLE G, 1ERA ETAPA CONGLOMERADO', '0243-5516127', '', 1),
(320, 'INVERSIONES MASCOTIN, C.A.', 'J310172935', 'VALENCIA', 'CARRET.CARRIZAL-SAN DIEGO. SECT. LOS VECINOS NUCLE', '04142165092', '', 1),
(321, 'CELOVEN, C.A.', 'J000524890', 'CARACAS', 'CALLE 8, EDIF. EL MORRO PISO 3, LA URBINA, CARACAS', '0244-4472076', '', 1),
(322, 'C.H. EXPRESS, C.A.', 'J310372896', 'VALENCIA', 'URB. IND. CASTILLITO, AV. 67 CRUCE CON CALLE 102 P', '02415478524', '', 1),
(323, 'GENERACION DE VAPOR Y COMBUSTION GENEVAPOR, SA', 'J308577057', 'VALENCIA', 'AV. MICHELENA CENTRO COMERCIAL MYCRA, LOCAL 11ZONA', '02415986532', '', 1),
(324, 'AUTOLAVADO BURBUJA, C.A.', 'J311949534', 'MARACAY', 'AV. FRANCISCO DE MIRANDA CASA Nº. 101 BARRIO GUARU', '02432353698/04167406', '', 1),
(325, 'ESTACION DE SERVICIO LA PAZ S.R.L.', 'J002824590', 'CARACAS', 'FINAL AV. SAN MARTIN, SECTOR LA QUEBRADITA, CARACA', '02128415785', '', 1),
(326, 'DISTRIBUIDORA LUBRICAR, C.A.', 'J312252545', 'MARACAY', 'CARRETERA NACIONAL LA ENCRUCIJADA C/COMERCIAL VISC', '02446635689', '', 1),
(327, 'LACTEOS OPTIMUS, C.A.', 'J310843090', 'VALENCIA', 'AV. LAS ACACIAS CON GRAN AVENIDA, URB. LOS CAOBOS ', '02125628575', '', 1),
(328, 'SERVICIOS GLACIAR, S.R.L.', 'J303410987', 'VALENCIA', 'AV.LOS CHAGUARAMOS CRUCE CON AV. Nº10, Nº 191 PIÑO', '02128415784', '', 1),
(329, 'ORIMOTORS, C.A.', 'J314260944', 'VALENCIA', 'CALLEJON MUJICA C/CON ANDRES BLANCO, URB. AGUA BLA', '02414115698', '', 1),
(330, 'AUTO ACCESORIOS DANIEL, C.A.', 'J310572445', 'VALENCIA', 'AV.UNIVERSIDAD Nº.79, EL LIMON.', '0243562361', '', 1),
(331, 'TRANSPORTE SANTA CRUZ, C.A.', 'J312891998', 'VALENCIA', 'CALLE INTERSAN ZONA INDUSTRIAL PIÑONAL EDIF. PASTA', '02432353639', '', 1),
(332, 'AUTO ACCESORIOS LUBRICANTES TUNE-UP, C.A.', 'J312396016', 'MARACAY', 'CARRETERA INTERCOMUNAL TURMERO-CAGUA SECTOR LA ENC', '0244-3964616', 'SOUSAD43@HOTMAIL.COM', 1),
(333, 'AUTO SERVICIO MULTICAR S, C.A.', 'J312806583', 'VALENCIA', 'ZONA INDUSTRIAL SAN PABLO, MANZANA 2, PARCELA 46, ', '02432363531', '', 1),
(334, 'TRANSPORTE MONTESERINO, C.A.', 'J314451278', 'VALENCIA', 'AV. SIMON RODRIGUEZ Nº 51, CAMPO SOLO, SAN DIEGO.', '024154788521', '', 1),
(335, 'AUTOTERRA, C.A.', 'J309514776', 'VALENCIA', 'URB. INDUSTRIAL CASTILLITO, AV.73, Nº 101-160 BIG ', '02414718475', '', 1),
(336, 'CORPO TELETECNICAL, C.A.', 'J308044717', 'CARACAS', 'CCCT. 1ra. ETAPA, NIVEL C1, OFICINA N7 SECTOR CENT', '02124716369', '', 1),
(337, 'GERMAN CHICA BERMUDEZ', 'V121406540', 'VALENCIA', 'URB. BASE ARAGUA, PISO 1, APTO B1-8 MARACAYEDO. AR', '04166460716', '', 1),
(338, 'LUBRICANTES Y ACCESORIOS P & N, C.A.', 'J308480851', 'VALENCIA', 'AV. UNIVERSIDAD LOCAL 104-1, URB. LOS RAUCEOS, SEC', '02435536987', '', 1),
(339, 'AGRIBRANDS PURINA VENEZUELA, S.R.L.', 'J000303959', 'MARACAY', 'AV VIA PRINCIPAL COROPO EDIF. AGRIBRANDS PURINA VE', '02432353854', '', 1),
(340, 'W1 no ', '000001', 'ABEJALES', '', '', '', 1),
(341, 'INVERSIONES IUST, C.A. NO', 'J307697870', 'VALENCIA', 'AV. CAFETAL SECTOR STA. ANA QTA. 30-22 CARACAS DTT', '02122414787', '', 1),
(342, 'IMPORTADORA Y DISTRIBUIDORA DE REPUESTO EL SOL, C.A.', 'J306140298', 'VALENCIA', 'AV. CONSTITUCION # 246-1 SAN JOSE MARACAY EDO. ARA', '02432365986', '', 1),
(343, 'JORGE ALBERTO HERNANDEZ MUÑOZ ', 'V070653938', 'VALENCIA', 'AV. NORTE SUR L4 PARCELA L 26 ZONA IND. CASTILLITO', '0241568954', '', 1),
(344, 'REPRESENTACIONES PADRON, C.A.', 'J313339270', 'VALENCIA', 'CALLE PRINCIPAL ZONA INDUSTRIAL SAL LORENZO PARCEL', '02412365897', '', 1),
(345, 'SUPPLY JEEP, C.A.', 'J315890615', 'VALENCIA', 'AVENIDA VENEZUELA SECTOR PUEBLO NUEVO CASA Nº 40, ', '02568547811', '', 1),
(346, 'FERMIN CRUZ MESA', 'V54361030', 'VALENCIA', 'AV. PEDRO MARIA FREITE, BARCELONA EDO. ANZOATEGUI.', '02564877581', '', 1),
(347, 'CENTRAL EL PALMAR, S.A.', 'J000062730', 'VALENCIA', 'CARRETERA NACIONAL ENCRUCIJADA SAN MATEO, EDO.ARAG', '02446639874', '', 1),
(348, 'COOPERATIVA "REPUESTOS Y LUBRICANTES EL 5" R.L.', 'J314760360', 'MARACAY', 'AV. PRINCIPAL Nº5 CASA Nº28, LOCAL C, URB. CAÑA DE', '02438835968', '', 1),
(349, 'INDUSTRIAL PARAISO, C.A.', 'J000194963', 'CARACAS', 'AV. SAN MARTIN-ESQUINA CALLEJON AGROSTA, EDIFICIO ', '02125417854', '', 1),
(350, 'HIDROVEN, C.A. NO', 'J003294144', 'VALENCIA', 'CALLE PANTIN, EDIF. SEBUCAN, AL LADO DE LA ACADEMI', '02122415285', '', 1),
(351, 'TRANSPORTE MAYOVAL G , C.A.', 'J304871902', 'VALENCIA', 'AV. ARANZAZU Nº 40-40, VALENCIA EDO. CARABOBO.', '02412414758', '', 1),
(352, 'TRANSPORTE GOFFRE, C.A.', 'J311673326', 'VALENCIA', 'KM 1, VIA EL JUNQUITO, LA YAGUARA, CONJ. ARTESANAL', '02122413231', '', 1),
(353, 'PUSAN MOTORS, C.A.', 'J307775289', 'VALENCIA', 'URB.IND. CASTILLITO CALLE 73 PARCELA CMV 29 Nº 102', '024157418474', '', 1),
(354, 'RECTIFRENOS CARLOS, C.A.', 'J310784060', 'VALENCIA', 'AV. BOLIVAR SECTOR CENTRO CASA Nº 3, PALO NEGRO, E', '02432728475', '', 1),
(355, 'DISTRIBUIDORA LAGOMAR 2, C.A.', 'J307371102', 'VALENCIA', 'AV. BOYACA OESTE 133, MARACAY EDO. ARAGUA.', '02435536972', '', 1),
(356, 'MAS AUTOS EL VIÑEDO, C.A.', 'J313750425', 'VALENCIA', 'AV. SAN FELIX No 106, URB. EL VIÑEDO, QTA 138A37, ', '0241-8224066', '', 1),
(357, 'VAS LA TRINIDAD, C.A.', 'J315851300', 'CARACAS', 'CALLE LA GUAIRITA URB. CIUDAD SATELLITE LA TRINIDA', '000-0000000', '', 1),
(358, 'DISTRIBUCIONES SANTA CRUZ 2007, C.A.', 'J293793335', 'SANTA CRUZ DE ARAGUA', 'CALLE BOLIVAR CRUCE CON CALLE SAN RAFAEL NRO 23 LO', '0243-0000000', '', 1),
(359, 'ESTACION DE SERVICIOS LOS CEDROS C.A.', 'J308216216', 'MARACAY', 'AV. LOS CEDROS C/C MARIÑO SUR MARACAY - ESTADO ARA', '0243-000000', '', 1),
(360, 'LUBGAS BERMUDEZ, S.R.L', 'J307235012', 'MARACAY', 'AV. LOS CEDROS CON CALLE BERMUDEZ, MARACAY ESTADO ', '0243-0000000', '', 1),
(361, 'AUTO LOI, C.A.', 'J306754130', 'CARACAS', 'AV. VERACRUZ CON CALLE ORINOCO QTA. LOS ERASMOS LA', '0212-0000000', '', 1),
(362, 'CENDISA, C.A.', 'J301798708', 'ABEJALES', 'AV. SAN SEBASTIAN C.C. BARUTA LOCAL S-2', '0212-00000000', '', 1),
(363, 'AUTOMOTRIZ Y REPUESTOS APURE C.A. ', 'J315069393', 'MARACAY', 'AV. GENERALISIMO FRANCISCO DE MIRANDA No 396 BARRI', '0243-0000000', '', 1),
(364, 'EDWING JOSE TORO MENDOZA', 'V069316626', 'ABEJALES', 'CALLE SAN JUAN NRO 104, CAGUA ESTADO ARAGUA', '0243-00000000', '', 1),
(365, 'COMPAÑIA ALERIKA, C.A.', 'J312268166', 'MARACAY', 'AV LOS LLANOS EDIF. DON FRANCISCO P.B. LOCAL 89-B ', '024-00000000', '', 1),
(366, 'AUTOREPUESTOS Y ACCESORIOS APURE IV, C.A.', 'J060046980', 'MARACAY', 'CARRETERA NACIONAL SALIDA LOS LLANOS EDIF. OFIMORO', '0426-4316812', 'APUREIV@YAHOO.COM.ES', 1),
(367, 'AUTOPARTES ROVIRA, C.A.', 'J308375314', 'SAN JUAN DE LOS MORROS', 'CARRETERA NACIONAL SALIDA LOS LLANOS LOCAL 103-A S', '0241-000000', '', 1),
(368, 'ELECTRO- AUTO PERNIA ', 'V051521087', 'MARACAY', 'AV LOS LLANOS NRO 72, SAN JUAN DE LOS MORROS', '0241-0000000', '', 1),
(369, 'PABLO ROBERTO TIRADO HERRERA', 'V103438540', 'VALENCIA', 'AV. FERMIN TORO C/C CALLEJON ORTIZ EDIF. TERRANOVA', '0241-00000000', '', 1),
(370, 'AUTOCENTRO GUARICO, C.A.', 'J060047676', 'SAN JUAN DE LOS MORROS', 'SALIDA LOS LLANOS NRO 165 SAN JUAN DE LOS MORROS. ', '0246-4312890', 'RODOLFOGARCIA@AUTOCENTROGUARICO.COM', 1),
(371, 'TOYOGUARICO CENTRO C.A.', 'J060033810', 'VALENCIA', 'SALIDA LOS LLANOS NRO 67 SAN JUAN DE LOS MORROS - ', '0214-000000', '', 1),
(372, 'LA CARIDAD, C.A.', 'J075024400', 'MARACAY', 'AV. 6TA, EDIFICIO LA CARIDAD. URB. LA SOLEDAD, MAR', '0243-0000000', '', 1),
(373, 'GENETICA AVICOLA, C.A.', 'J301189477', 'MARACAY', 'AV 6TA, EDIF. LA CARIDAD PISO 3 OF 03 URBANIZACION', '0241-000000', '', 1);
INSERT INTO `clientes` (`id_cliente`, `nombre`, `rif`, `ciudad`, `direccion`, `telefono`, `email`, `act`) VALUES
(374, 'J.N. AUTOS, C.A.', 'J310698082', 'MARACAY', 'AV PRINCIPAL NRO 17 SECTOR SAN AGUSTIN. MARACAY - ', '0243-2325052', 'j.lepale66@hotmail.com', 1),
(375, 'PENT PLAST, S.A.', 'J308784915', 'MARIARA', 'CALLE BRASIL NRO 44, MARIARA - ESTADO CARABOBO', '0214-0000000', '', 1),
(376, 'AUTO PARTES CARACAS,C.A.', 'J001348913', 'CARACAS', '1ERA AV. SUR ALTAMIRA. EDIF AUTO PARTES CARACAS D.', '0', '', 1),
(377, 'COLORE S.A.', 'J310002380', 'MARACAY', 'AV.LEON MISKI, ZONA INDUSTRIAL TEXTILNORTE, GALPON', '555', '', 1),
(378, 'AUTOPARTES 2 GDV, C.A.', 'J311176721', 'MARACAY', 'AV. BOLIVAR C/C CAMPO ELIAS NRO 141 SECTOR MARACAY', '24555', '', 1),
(379, 'REPRESENTACIONES RUBECAR, C.A.', 'J295059035', 'MARACAY', 'VEREDA 7, CASA NRO 3, SECTOR 3, URBANIZACION CAÑA ', '1', '', 1),
(380, 'AUTOMOTRIZ COROMOTO H, C.A.', 'J301909569', 'MARACAY', 'AV. CONSTITUCION OESTE NRO 23, MARACAY ESTADO ARAG', '0243- 2461798', 'AUTOCOROMOTO@HOTMAIL.COM', 1),
(381, 'GLOBAL MOTORS,C.A.', 'J310921563', 'MARACAY', 'CALLE BRION NORTE NRO 05 MARACAY EDO ARAGUA', '1', '', 1),
(382, 'AUTO MERCADO SAN DIEGO, C.A.', 'J075245113', 'MARACAY', 'ZONA INDUSTRIAL LAS VEGAS, 1 TRANSVERSAL PARCELA N', '0244-4005577', '', 1),
(383, 'PROMOTORA PARQUE LA VEGA,C.A.', 'J305149518', 'MARACAY', 'TORRE ESTE DE PARQUE CRISTAL PISO 8 OFICINA 8-9 AV', '1', '', 1),
(384, 'MATADERO INDUSTRIAL GUATIRE,C.A.', 'J002357061', 'MARACAY', 'ZONA INDUSTRIAL EL MARQUE, SECTOR VEGA ABAJO, GUAT', '1', '', 1),
(385, 'CINASCAR AUTOMOTRIZ DE VENEZUELA, C.A.', 'J312942665', 'MARACAY', 'AV. PROLONGACION DIEGO TOVAR MUNICIPIO DIEGO IBARR', '1', '', 1),
(386, 'ARTICULOS DE VIDRIO PARA LABORATORIOS,C.A.', 'J294447724', 'MARACAY', 'AV CONSTITUCION NRO 31 SECTOR ALAYON, MARACAY', '1', '', 1),
(387, 'EUROPEOS SAIMA ARAGUA,C.A.', 'J311133615', 'MARACAY', 'CTRA. NACIONAL CAGUA - LA VILLA, LOTE C, ZONA INDU', '0244-395.88.22-5314', '', 1),
(388, 'ALPEM, C.A.', 'J310915423', 'MARACAY', 'ZONA INDUSTRIAL CORINSA, CALLE LAZO 2 PARCELA 5,CA', '0244-3959370', '', 1),
(389, 'FILTROS NICO, C.A.', 'J311250514', 'MARACAY', 'AV. CONSTITUCION GALPON 113 SANTA ROSA, MARACAY ES', '1', '', 1),
(390, 'MARITZA OJEDA NO', 'V4555748', 'MARACAY', 'CAÑA DE AZUCAR SECTOR 6 MARACAY - EDO ARAGUA', '1', '', 1),
(391, 'INDUSTRIAS ICOPOR, C.A.', 'J315593289', 'MARACAY', 'FINAL CALLE ANDRES BELLO SUR, NRO.18, LA VICTORIA ', '1', '', 1),
(392, 'TRANSLUBRIQUIM, C.A.', 'J293790760', 'MARACAY', 'URB. LA ESMERALDA, MANZANA B-8 AV.76 CASA NRO 3, V', '1', '', 1),
(393, 'NUTRICION TECNICA, NUTRITEC, C.A.', 'J302016126', 'MARACAY', 'AV.206 URB.PARQUE COMERCIAL CASTILLITO PARCELA M-4', '1', '', 1),
(394, 'DISZAM PARTS, C.A.', 'J312536217', 'MARACAY', 'CALLE PAEZ OESTE, CENTRO COMERCIAL LA ROMANA, LOCA', '0243-5532622', 'DISZAM4@HOTMAIL.COM', 1),
(395, 'TU ACEITE.COM, C.A.', 'J311164405', 'VILLA DE CURA', 'AV. ANIBAL PARADISIS LOCAL 16-1, VILLA DE CURA -ED', '0414-2941902', '', 1),
(396, 'REPUESTOS MARKOS, C.A.', 'J304268165', 'MARACAY', 'CALLE CAMPO ELIAS NRO 16 LA ROMANA, ENTRE MIRANDA ', '0243-5530683', '', 1),
(397, 'SU RESPUESTOS ASIATICO, C.A.', 'J308004340', 'MARACAY', 'AV. CONSTITUCION ESTE, ENTRE CALLE 12 Y 15 SAN JOS', '1', '', 1),
(398, 'CONSORCIO GHELLA', 'J311287272', 'MARACAY', 'AVENIDA PRINCIPAL PARQUE RECREACIONAL SUR,GALPON 3', '241', '', 1),
(399, 'INVERSIONES Y REPRESENTACIONES DEL CENTRO 2006, C.A.', 'J316410366', 'MARACAY', 'CARRETERA NACIONAL C/CON CALLE PICHINCHA Y COMERCI', '1', '', 1),
(400, 'DISTRIBUIDORA DE RADIADORES TINAQUILLO', 'V075360530', 'MARACAY', 'CALLE CARABOBO CRUCE CON ARISMENDI, TINAQUILLO', '1', '', 1),
(401, 'ALMACENADORA LUZPASAN, C.A.', 'J075891627', 'MARACAY', 'AUTOPISTA PUERTO CABELLO MORON, SECTOR LAS PARAGUI', '1', '', 1),
(402, 'DIESEL POWER GENERATOR,C.A.', 'J305565970', 'VALENCIA', 'ZONA INDUSTRIAL MUNICIPAL NORTE.AV ESTE - OESTE# 0', '0241-8328420', '', 1),
(403, 'MOVILCENTRO N.P.A, C.A.', 'J310828385', 'MARACAY', 'AV. CONSTITUCION OESTE NRO 32, MARACAY - ESTADO AR', '0243-5541556', '', 1),
(404, 'LUBRICANTES Y FILTROS MARACAY, C.A.', 'J313032735', 'MARACAY', 'AV. MARACAIBO NRO 11 LOCAL 41, BARRIO LA DEMOCRACI', '0243-2463870', 'mariaaudilia@gmail.com', 1),
(405, 'SELBACH Y ASOCIADOS DE VENEZUELA. SELBAVEN S.A.', 'J304389574', 'MARACAY', 'CENTRO COMERCIAL LA GRAN MANSION MEZZANINA, OFICIN', '1', '', 1),
(406, 'LUIS BARRERA NO ', 'V10858987', 'MARACAY', 'URB.LOS MANGOS, VALENCIA EDO CARABOBO', '1', '', 1),
(407, 'EMBUTIDOS GODI EMGODICA, C.A.', 'J306953825', 'MARACAY', 'AV. LISANDRO ALVARADO CC AV 112-C PRIMERO DE MAYO,', '1', '', 1),
(408, 'SALSAS VENEZOLANAS,C.A.', 'J308050636', 'MARACAY', 'CALLE NEGRO PRIMERO OESTE. CENTRO, MARACAY CASA 47', '1', '', 1),
(409, 'QUIMICA PENTOL,C.A.', 'J002014695', 'MARACAY', 'AV.DIEGOCISNEROS PPAL.DE LOSRUICES, CENTRO EMPRESA', '1', '', 1),
(410, 'COCA - COLA FEMSA DE VENEZUELA, S.A.', 'J303836216', 'MARACAY', '4TA TRANSVERSAL AV LOS CORTIJOS DE LOURDES, MUNICI', '1', '', 1),
(411, 'SERTEQUIM, C.A.', 'J303076807', 'MARACAY', 'URBANIZACION EL RECREO, PARCELA #71, GALPON NRO 3,', '1', '', 1),
(412, 'DAVID I .SOSA F.', 'V70494791', 'MARACAY', 'CALLE EL TALADRO, SECTOR PUNTA DE MATA, CASA 1-231', '1', '', 1),
(413, 'LUBRICANTES Y FILTROS PARIS, C.A.', 'J307151820', 'MARACAY', 'VIA TURMERO SECTOR LA PROVIDENCIA LOCAL 33, TURMER', '1', '', 1),
(414, 'RAMON HERBERTO BRACHO CARRIZO', 'V087360551', 'MARACAY', 'URB. CIUDAD JARDIN, CALLE 5-4 NRO 7, CAGUA - ARAGU', '1', '', 1),
(415, 'PRODUCTOS BARBANESA 2000 S.A.', 'J306680497', 'MARACAY', 'AV. ELIA RODRIGUEZ, GALPON NRO 5, ZONA INDUSTRIAL ', '1', '', 1),
(416, 'CDP SERVICIOS LOGÌSTICOS, C.A.', 'J316778851', 'MARACAY', 'AV. MAÑONGO, URB. TRIGAL, CENTRO COMERCIAL PARQUE ', '1', '', 1),
(417, 'INDUSTRIA VENEZOLANA MAIZERA PROAREPA,C.A.', 'J307473460', 'ACARIGUA', 'CTRA SANTA LUCIA LOCAL NRO S/N SECTOR SANTA LUCIA ', '0255-6007700', '', 1),
(418, 'HYPER MERCADO MODELO, C.A.', 'J309054350', 'MARACAY', 'AV. CASANOVA GODOY, URB BASE ARAGUA, C.C. HYPER JU', '0416-5439372', '', 1),
(419, 'YOKOMURO CARACAS,C.A.', 'J303818536', 'CARACAS', 'CALLE ISAIAS ¨LATIGOCHAVEZ¨C/C ALFONZO CHICO CARRA', '0', '', 1),
(420, 'TODOFIATREPUESTOS, C.A.', 'J310474419', 'MARACAY', 'AV.LOS CEDROS C/C JUNIN NRO 96-1,BARRIO LOURDES MA', '0', '', 1),
(421, 'DISTRIBUIDORA CARFILVEN C.A.', 'J310995486', 'CARACAS', 'AV SUCRE DE LOS DOS CAMINOS, LOS DOS CAMINOS.EDIFI', '0212-2837334', '', 1),
(422, 'OSIRIS, C.A.(MANUFACTURAS QUIMICO INDUSTRIALES)', 'J000275424', 'MARACAY', 'CTRA VIA SAN FRANCISCO DE ASIS NRO S/N ZONA INDUST', '0244-4170381/4170382', 'osirisca12@cantv.net', 1),
(423, 'PRODUCTOS LA FINA, C.A.', 'G200097043', 'TINAQUILLO', 'ZONA INDUSTRIAL CORPOINDUSTRIA, GALPON NE-4, TINAQ', '0258-7660832', 'jejobriji@gmail.com', 1),
(424, 'TODO EN AUTO SAN JUAN, C.A.', 'J316696359', 'MARACAY', 'AV. FERMIN TORO, SECTOR FERMIN TORO. EDIF. DON PEP', '0', '', 1),
(425, 'TALLER ROMAL, C.A.', 'J293653924', 'MARACAY', 'CALLE MERIDA, LACOROMOTO NRO 10, MARACAY ESTADO AR', '1', '', 1),
(426, 'BERCI MARELLY LUIS AULAR', 'V096983049', 'MARACAY', 'CALLE 13, NRO 50, SAN JOSE MARACAY EDO ARAGUA', '0', '', 1),
(427, 'ARENERA INDUSTRIAL RIO CRISTALINO, ICA', '301784626', 'MARACAY', 'CARRETERA DE ANTIMANO A LOS TEQUES,LAS ADJUNTAS,MA', '0', '', 1),
(428, 'DISTRIBUIDORA DE REPUESTOS MI JEEP, C.A.', 'J315693054', 'MARACAY', 'AV LOS CEDROS NRO 41, MARACAY-ESTADO ARAGUA', '0243-2470086', 'REPUESTOSMIJEEP@HOTMAIL.COM', 1),
(429, 'ALIMENTACION BALANCEADA, C.A.', 'J003244546', 'MARACAY', 'ZONA INDUSTRIAL LAS VEGAS, OFICINA PUROLOMO, CAGUA', '1', '', 1),
(430, 'SAIMA MOTORS ARAGUA C.A', 'J309306774', 'MARACAY', 'AV BOLIVAR ESTE NRO 114 EDIF SAIMA MOTORS ARAGUA. ', '0243-2322188', 'saima@cantv.net', 1),
(431, 'AUTO PLAZA, C.A.', 'J307259515', 'MARACAY', 'AV. BOLIVAR URBANIZACION SAN JACINTO AL LADO DE MO', '1', '', 1),
(432, 'C.P.M VALENCIA, C.A. ', 'J407721364', 'VALENCIA', 'CALLE MANZANA 55 CASA NRO 103-59 URB EL MOLINO LIB', '0241-', 'cpmvalencia241@hotmail.com', 1),
(433, 'REBECA RAIMARY RODRIGUEZ AGUILAR ', 'V186936210', 'MARACAY', '23 DE ENERO CALLE RICAURTE NRO 1 MARACAY ESTADO AR', '1', '', 1),
(434, 'L.K. AUTOS, C.A.', 'J306690603', 'MARACAY', 'AV ARAGUA OESTE,SECTOR SAN MIGUEL EDIFICIO L.K. AU', '0243-2468228', 'postventa@lkautos.com', 1),
(435, 'AUTO REPUESTOS ALIANZA, C.A.', 'J295724519', 'MARACAY', 'AV.PRINCIPAL C/COMERCIAL SUPER LIDER LOS SAMANES L', '1', '', 1),
(436, 'CENTRO AUTO ARAGUA, C.A.', 'J311021760', 'MARACAY', 'AV BOLIVAR OESTE NRO 262,URB.LA COROMOTO, MARACAY ', '1', '', 1),
(437, 'AUTO SERVICIOS EL VALLE, C.A.', 'J295353146', 'MARACAY', 'AV MARACAIBO C/C CALLE PARAMACONI, CASA S/N URB LA', '0243-', '', 1),
(438, 'AMERICA LARA DE ARANDA', 'V025175901', 'MARACAY', 'CALLE TUCUTUNEMO C/C AV BOLIVAR NRO 1 SECTOR CENTR', '0', '', 1),
(439, 'CONSTRUCTORA BIMAR PUERTO ORDAZ,C.A.', 'J095145689', 'MARACAY', 'ZONA INDUSTRIAL CHIRICA-ENVOLVENTE B, CALLE YORKTO', '1', '', 1),
(440, 'AMERICAN PARTS, C.A.', 'J304179529', 'MARACAY', 'ZONA INDUSTRIAL CARABOBO, 8VA TRANSVERSAL CENTRO C', '0', '', 1),
(441, 'CARMEN T MOLINA C', 'V040666520', 'MARACAY', 'VALENCIA ESTADO CARABOBO', '1', '', 1),
(442, 'LUBRI CARS, C.A ', 'J406817180', 'MARACAY', 'AV. ACOSTA CARLES LOCAL NRO 01 SECTOR EL TERMINAL ', '0246-4321113', '', 1),
(443, 'BEATRIZ SOCORRO ARTEAGA DE COLMENARES', 'V033788041', 'MARACAY', 'CALLE NORTE SUR M-1 C/ ESTE OESTE ZONA M-2 CASTILL', '0', '', 1),
(444, 'REPUESTOS Y ACCESORIOS MATOS C.A.', 'J002235268', 'CARACAS', 'BARCENAS A DOLORES, EDIFICION ROYAL ,LOCAL 1, QUIN', '0', '', 1),
(445, 'ALPINA PRODUCTOS ALIMENTICIOS, C.A.', 'J300950204', 'MARACAY', 'AV. DIEGO CISNBEROS C/CALLE BERNARDETTE, EDIF ROCH', '1', '', 1),
(446, 'MOVIL TRANS, C.A.', 'J314387600', 'MARACAY', 'PARQUE COMERCIO, ZONA INDUSTRIAL CASTILLITO, AV. 1', '1', '', 1),
(447, 'REPUESTOS RENO JEEP, C.A.', 'J315034603', 'MARACAY', 'AV. BOLIVAR OESTE CASA NRO 157, SECTOR LA ROMANA, ', '1', '', 1),
(448, 'AUTO PARTES LARA, C.A.', 'J309046578', 'MARACAY', 'CALLE 1 CON CALLE 2 GALPON NRO 9, ZONA INDUSTRIAL ', '0', '', 1),
(449, 'CONSTRUCTORA ROFERCA, C.A.', 'J080032292', 'MARACAY', 'AV. FRANCISCO FAJARDO, SECTOR LOS CONEJEROS EDIF. ', '0', '', 1),
(450, 'ISAMAR MERCEDEZ YEPEZ', 'V095382440', 'MARACAY', 'URB. PARQUE ARAGUA, MARACAY', '0', '', 1),
(451, 'INDUSTRIAS PLASTICAS VENEZOLANAS C.A.', 'J075073991', 'MARACAY', 'CALLE GALPON N°23 ZONA INDUSTRIAL SAN VICENTE II', '0243-5515546', '', 1),
(452, 'CLELIA ADELA VASQUEZ ', 'V052656423', 'MARACAY', 'URB. BASE LIBERTADOR, SECTOR C CALLE Nº 1 CASA Nº ', '0414-4546325', '', 1),
(453, 'DISTRIBUIDORA LUMOSA, S.A.', 'J000931798', 'MARACAY', '1ERA AV. CON CALLE 4TA EDIF. CANAC, PISO PLANTA BA', '0', '', 1),
(454, 'FRANCIS YANINA VELOZ PEREZ', 'V072487628', 'MARACAY', 'AV. PRINCIPAL NR 252, SECTOR CORRAL DE PIEDRA, EL ', '1', '', 1),
(455, 'SUPERMERCADOS LUXOR,C.A.', 'J075259912', 'MARACAY', 'AV FUERZAS AEREAS CRUCE CON JOSE LUIS RAMOS, LOCAL', '0243-', '', 1),
(456, 'SUPERMERCADO LUXOR GUACARA, C.A.', 'J314344455', 'GUACARA', 'AV.INTERCOMUNAL VALENCIA LOS GUAYOS, SECTOR GUACAR', '0243-', '', 1),
(457, 'JOEL DE JESUS ESCOBAR TORRES ', 'V177985151', 'MARACAY', 'BARRIO SANTA ROSA, CALLE COOPERATIVA NRO 101 MARAC', '0', '', 1),
(458, 'MANUEL EFRAIN LLIANOFF PIMENTEL CASTILLO (MULTISERVICIO PIMENTEL)', 'V110722431', 'MARACAY', 'SALIDA LOS LLANOS, SECTOR LOS LLANOS, CASA SIN NUM', '0', '', 1),
(459, 'FABRICA DE EMBUTIDOS ITALVENCA C.A.', 'J075050703', 'MARACAY', 'CARRERA 4A ENTRE CALLES 6 Y 7 PUEBLO NUEVO, BARQUI', '0251-2667511-9234', '', 1),
(460, 'AUTO EXPRESS INVERSIONES, C.A.', 'J294197183', 'MARACAY', 'AVENIDA CONSTITUCION RESIDENCIAS VARLAB LOCAL 1 MA', '0', '', 1),
(461, 'JOAN CARLOS LOYO BARRETO', 'V197900373', 'MARACAY', 'BARRIO INDEPENDENCIA, CALLE B, NRO 13, MARACAY - E', '0', '', 1),
(462, 'MARIMEX THERMOPLASTICOS, C.A.', 'J294282113', 'MARACAY', 'CALLE BRASIL, NUMERO 44, MARIARAA - CARABOBO', '0', '', 1),
(463, 'EUROJET,C.A', 'J312416351', 'MARACAY', 'AV. INT. MARACAY-TURMERO SECTOR CESAR RODRIGUEZ PA', '0', '', 1),
(464, 'GRUPO MOTRIZ LOS CORTIJOS, C.A.', 'J294678246', 'CARACAS', 'AV. PPAL. CASA PARCELA NO. 14, URB. PARCELAMIENTO ', '0', '', 1),
(465, 'ENERGY DIESEL DE VENEZUELA, C.A.', 'J314328328', 'MARACAY', 'ZONA IND. CASTILLITO, AV. 77, CENTRO COMERCIAL DEL', '0', '', 1),
(466, 'SUPER BRILLO CAR´S, C.A.', 'J315726610', 'MARACAY', 'MONTE DE OCA, CRUCE C/CALLE 123, URB SANTA CECILIA', '0', '', 1),
(467, 'JAIME ANTONIO COLMENAREZ RODRIGUEZ', 'V125729726', 'MARACAY', 'RES. LOPEZ AVELEDO ENTRE PAEZ Y MIRANDA, MARACAY', '0412-7520526', '', 1),
(468, 'HIELOS DEL VALLE, S.R.L.', 'J295647816', 'MARACAY', 'AV. PEDRO MARIA FREITES, CENTRO COMERCIAL YOLY TOY', '0', '', 1),
(469, 'CORPORACION INDUSTRIAL E&P, C.A.', 'J296162620', 'VALENCIA', 'CALLE LA CUMACA, CASA GRANJA ANAMAYA, Nro. S/N, SE', '0241-2178493', '', 1),
(470, 'AREVA T&D VENEZUELA, S.A. NO APA', 'J000850130', 'MARACAY', 'AV. DIEGO CISNEROS, EDIF. STEMO, PISO 5 OF. 5, URB', '0', '', 1),
(471, 'LUMOSA CARACAS, C.A. NO', 'J315982088', 'MARACAY', 'AV. BLANDIN ENTRE CLL STA. TERESA DE JESUS Y MOHED', '0212', '', 1),
(472, 'FERVIC ELECTRIC SERVICE, C.A.', 'J314006509', 'MARACAY', 'URB. VALLE DE ORO RESIDENCIA EL TEJAR SAN DIEGO', '0241-3176612', '', 1),
(473, 'SERVICIOS UNITRANS X- 06, C.A.', 'J314973550', 'LA GUAIRA', 'FINAL DE LA AV. ARMADA,SECTOR BARRIO EL CAMPITO, E', '0212 ', '', 1),
(474, 'TRANSPORTE ASCANIO, SRL.', 'J075824261', 'MARACAY', 'CARRETERA NACIONAL MARIARA -MARACAY, No. 8-27 ', '0243-2631261', '', 1),
(475, 'SUPERMERCADO CASA SAN JUAN, C.A.', 'J307769157', 'SAN JUAN DE LOS MORROS', 'CARRETERA NACIONAL VIA LOS LLANOS LOCAL No. 159-2', '0246-4322089', '', 1),
(476, 'STEWART & STEVENSON DE VENEZUELA S.A.', 'J070105550', 'MARACAY', 'AV. 48 No. 149-886 ZONA KM. 4 1/2 CARRETERA VIA LA', '0241-8716144', '', 1),
(477, 'SONOCO VENEZOLANA C.A. ', 'J075890434', 'MARACAY', 'CALLE I LOCAL GALPONES NRO 46 Y 47 ZONA INDUSTRIAL', '0243-5515913', '', 1),
(478, 'CONSORCIO LICORERO NACIONAL, C.A.', 'J075057538', 'MARACAY', 'AV. MARACAY No. 15 ZONA IND. SAN VICENTE I', '0243-5537347', 'CLN. COMPRAS@HOTMAIL.COM', 1),
(479, 'CONSORCIO ABSORBVEN C.A.', 'J305812667', 'MARACAY', 'URB. INDUSTRIAL SANTA CRUZ, AV. MATURIN OESTE, PAR', '0212 3610030', '', 1),
(480, 'PRODUCTOS DANIMEX, C.A.', 'J002916710', 'MARACAY', 'CARRETERA NAC. VIA LOS GUAYOS, Z. IND. NTE. Z.P. 2', '0241-8336626', '', 1),
(481, 'VENEZOLANA DE CEMENTOS, S.A.C.A ', 'G200114320', 'MARACAY', 'CALLE LONDRES EDIF. TORRE VENEZOLANA DE CEMENTOS P', '0212-3521041', '', 1),
(482, 'AUTO SANDRO, C.A.', 'J303916511', 'MARACAY', 'AV. CONSTITUCION OESTE No. 184 (CONCESIONARIO DAEW', '0243-5512067', 'autosandro@cantv.net', 1),
(483, 'NELSON FERNANDEZ FERNANDEZ ', 'V072119483', 'MARACAY', 'CALLE CAMPO ELIAS ENTRE PAEZ Y MIRANDA CENTRO COME', '0243-', '', 1),
(484, 'CONSORCIO LINEA II', 'J293605709', 'CARACAS', 'CARRETERA PANAMERICANA KM 23, CC LA MACARENA NIVEL', '02129764333', '', 1),
(485, 'IANCARINA,C.A.', 'J085033289', 'ABEJALES', 'PARQUE INDUSTRIAL LOS LLANOS VIA GUANARE, ARAURE E', '0255 212522', '', 1),
(486, 'ALTAUTOS, C.A.', 'J296098662', 'MARACAY', 'AV. SUR ALTAMIRA, ENTRE JOSE FELIX SOSA Y TROPICAL', '0212-2667606', '', 1),
(487, 'MATADERO INDUSTRIAL CENTRO OCCIDENTAL, C.A.', 'J075035097', 'MARACAY', 'CASERIO VERAGACHA - KM. 6 AUTOPISTA, BARQUISIMETO ', '0243-2530420', '', 1),
(488, 'NELBY TERESA PINTO MARRERO', 'V038456500', 'MARACAY', 'CALLE SANCHEZ CARRERO EDIF. LUXMAR TORRE NORTE, PI', '0243-461730', '', 1),
(489, 'MORA MOTORS,C.A.', 'J295186304', 'MARACAY', 'INTERCOMUNAL TURMERO - MARACAY SECTOR LA PROVIDENC', '0243', '', 1),
(490, 'PEDRO MANRIQUE* NO', 'V-13694631', 'MARACAY', 'URB. MATA REDONDA, 4ta. TRANSVERSAL, CASA No. 73-A', '0243-', '', 1),
(491, 'AGROLUCHA, C.A.', 'J000890803', 'MARACAY', 'AV. LAS DELICIAS, EDIFICIO BANVENEZ PISO MZZ 2 OF ', '0243-2321089', '', 1),
(492, 'DEL MONTE ANDINA, C.A.', 'J305464588', 'MARACAY', 'AV. PROLONGACION AV BERMUDEZ EDIF PLANTAPISO 1, LO', '0244 5635021', '', 1),
(493, 'EVOLUCION ANDINA, S.A.', 'J305382018', 'MARACAY', 'AV. 19 DE ABRIL EDIF. CENTRO VISTALAGO, TORRE A PH', '0243-2466947', '', 1),
(494, 'M.G. CAMIONES,C.A.', 'J295606540', 'MARACAY', 'AUTOPISTA VALENCIA CAMPO CARABOBO, SECTOR LA FLORI', '0241-3003000', '', 1),
(495, 'FLEXO PRINT, C.A.', 'J075312295', 'MARACAY', 'CALLE PAEZ No. 90-25, CENTRO COMERCIAL CAMPO ELIAS', '0241-', '', 1),
(496, 'LUIS ALBERTO MACHADO SANCHEZ', 'V043489115', 'MARACAY', 'AV. PANCHO PEPE CROQUER DE VENEZUELA, ZONA INDUSTR', '0241', '', 1),
(497, 'TRANSPORTE CVP C.A.', 'J315274370', 'MARACAY', 'CARRETERA PANAMERICANA KM. 8 VIA LOS TEQUES MUNICI', '0212-', '', 1),
(498, 'AUTOMERCADO LA CIMA, C.A.', 'J309973592', 'MARACAY', 'AV. PRINCIPAL, URB. PREBO, C.C. PREBO, LOC-01-F01 ', '0241-', '', 1),
(499, 'DITROMACK, C.A.', 'J308299464', 'VALENCIA', 'AV. MARIÑO ENTRE CALLE GIRARDOT Y COMERCIO LOCAL 9', '0241-8591145', '', 1),
(500, 'INVERSIONES ARENATUY G & M C.A. NO', 'J300193391', 'MARACAY', 'CARRETERA VIA OCUMARE - CUA SANTA BARBARA PARCELA ', '0212-', '', 1),
(501, 'CONSTRUCTORA NASE, C.A.', 'J070103841', 'MARACAIBO', 'CALLE SEA Nro. 38-17, BELLA VISTA, MARACAIBO EDO. ', '0239-5145403-0414-91', 'compras.nasetaller@gmail.com', 1),
(502, 'PEGAMENTOS VENEZOLANOS, C.A.', 'J000613419', 'ABEJALES', 'URBANIZACION INDUSTRIAL LA QUIZANDA No. 152, VALEN', '0241', '', 1),
(503, 'INVERSORA SUPER LIDER, C.A.', 'J311625810', 'MARACAY', 'AV. UNIVERSIDAD GALPON NRO. S-N, SECTOR EL LIMON', '0', '', 1),
(504, 'SUPER LIDER CAGUA, C.A.', 'J310645027', 'CAGUA', 'CARRETERA NACIONAL LA ENCRUCIJADA GALPON NRO. 4, Z', '0244-', '', 1),
(505, 'SUPER LIDER PALO NEGRO, C.A.', 'J293611547', 'MARACAY', 'CARRETERA NACIONAL PALO NEGRO VIA MAGDALENO, GALPO', '0244', '', 1),
(506, 'SUPER LIDER LOS TEQUES, C.A.', 'J312691344', 'LOS TEQUES', 'CTRA. PANAMERICANA KM 22 C.C NRO. PB, SECTOR POTRE', '0212', '', 1),
(507, 'SUPER LIDER LOS SAMANES, C.A.', 'J311665501', 'MARACAY', 'AV. PPAL. MATA REDONDA GALPON NRO 1, ZONA INDUSTRI', '0243-', '', 1),
(508, 'LIVIA ELIZABETH BRACHO CUEVA', 'V118017060', 'MARACAY', 'AV. VENEZUELA URB. LA GRANJA COMPLEJO RESID. WILBL', '0241', '', 1),
(509, 'TOTAL CAR WASH, S.A.', 'J314117181', 'MARACAY', 'AV. CUATRICENTENARIA, URB. PARQUE MIRADOR, SECTOR ', '0241', '', 1),
(510, 'CENTRAL AZUCARERO PORTUGUESA, C.A', 'J075051700', 'MARACAY', 'CARRETERA NACIONAL VIA PAYARA, SECTOR PIEDRITAS BL', '0255', '', 1),
(511, 'REPUESTOS GUAICAIPURO II, C.A.', 'J311970215', 'VALENCIA', 'AV. MICHELENA CRUCE C/C SOUBLETTE, LOCAL 5, VALENC', '0241-8317369', '', 1),
(512, 'REPUESTOS CACIQUE GUAICAIPURO, C.A.', 'J301992113', 'MARACAY', 'CALLE MICHELENA No. 104-28, VALENCIA EDO. CARABOBO', '0241-8313867', '', 1),
(513, 'MUNDO REPUESTOS TREJO,F.P', 'V121720970', 'MARACAY', 'CALLE SILVA ENTRE ESCALONA Y ANDRES BELLO, CASA No', '0241-8312688', '', 1),
(514, 'AUTO SERVICIO CUPER & ASOCIADOS, C.A.', 'J307224320', 'MARACAY', 'AV. CIRCUNVALACION LOS SAMANES No. 110 ENTRE REGIN', '0414-420896', '', 1),
(515, 'WILFREDO ISIDRO FERRER ANDRADE', 'V071892448', 'MARACAY', 'URB. GIRARDOT, BLOQUE 5, APTO. 01-03, MARACAY EDO.', '0243', '', 1),
(516, 'LABORATORIOS KLINOS, C.A.', 'J000214956', 'MARACAY', 'AV. PPAL. PARCELAMIENTO IND. LA FE, EDIF. PROTON, ', '0212-5156031', '', 1),
(517, 'A.T. REPUESTOS, C.A.', 'J297135936', 'MARACAY', 'CALLE PAEZ OESTE No. 187, SECTOR BARRIO LA FLORES,', '0243-5546171', 'ATREPUESTOS@GMAIL.COM', 1),
(518, 'CIVETCHI, C.A.', 'J293813417', 'MARACAY', 'AV. BRANGER, C/C IRRIBARREN BORGES LOCAL Nro. S/N ', '02418332686', '', 1),
(519, 'AUTO REPUESTOS Y ACCESORIOS METRO, C.A.', 'J297056505', 'MARACAY', 'AV. LOS CEDROS LOCAL No. 115, SECTOR MARACAY EDO. ', '0243-2468866', '', 1),
(520, 'RENAULT VENEZUELA, C.A.', 'J302819784', 'MARACAY', 'CALLE 101 ENTRE AV. 66 Y 68 EDIF. RENAULT PISO PLA', '0241-8717115', '', 1),
(521, 'EURO MARKET, C.A.', 'J311716793', 'MARACAY', 'AV. LAS DELICIAS CC LAS AMERICAS NIVEL PB LOCAL 23', '0243', '', 1),
(522, 'REPUESTOS TWINGO, C.A.', 'J312164018', 'CARACAS', 'AV. LAS PALMAS EDIF. FILADELPHIA PISO PB LOCAL A U', '0212-7932517-1801', 'repuestostwingo@hotmail.com', 1),
(523, 'ELIAS COELHO RODRIGUEZ (REPUESTOS PALUMBO)', 'V096723454', 'MARACAY', 'CALLE VIZCARRONDO C/C CON TERCERA CALLE Nº36 SAN V', '0243-5517238', '', 1),
(524, 'AUTOASIA C.A.', 'J316960943', 'ABEJALES', 'URB. INDUSTRIAL CASTILLITO AV. 73 Nº 101-160 BILOW', '0241-', '', 1),
(525, 'DISTRIBUIDORA LIBCOM DE VENEZUELA C.A.', 'J303755879', 'CARACAS', 'AV PPAL QTA EDITA URB MARIPEREZ ', '0212', '', 1),
(526, 'EVERGREEN SERVICE C.A', 'J301692349', 'ANACO', 'AV. JOSE ANTONIO ANZOATEGUI KM.97 ANACO EDO ANZOAT', '0282.4241101', '', 1),
(527, 'EMBUTIDOS POPULARES MARACAY, C.A.', 'J314793160', 'ABEJALES', 'AV PRINCIPAL ZONA IND SAN VICENTE II PARCELA 28 Y ', '0243-5516798-5515223', '', 1),
(528, 'TALLER AZUL ITALIA C.A.', 'J075099524', 'MARACAY', 'CALLE 5TA. AVENIDA, Nº 20, ENTRE CARABOBO Y LIBERT', '0243-2450323-5531036', 'azulitalia@cantv.net', 1),
(529, 'CENTRAL ELECTRICA, C.A.', 'J300116638', 'MARACAY', 'AV.AYACUCHO PRIMERA Nº.123 - SANTA ROSA, MARACAY E', '0243-2171867', '', 1),
(530, 'MEGAPET, C.A.', 'J307289570', 'SANTA CRUZ', 'AV. N°3 LOCAL LOTE NRO N°8 ZONA INDUSTRIAL SANTA C', '0243-2693447', 'jhoanny.d@megapet.com.ve', 1),
(531, 'RADIADORES NEWMAN 2008 C.A.', 'J295650361', 'MARACAY', 'AV. INTERCOMUNAL TURMERO MARACAY Nº 64-3 SECTOR SA', '0243-7717128', '', 1),
(532, 'AUTO-REPUESTOS RUBICON 2009, C.A.', 'J297082883', 'CARACAS', 'AV. PRINCIPAL DE BOLEITA SUR CALLE LECUNA CON TRAN', '0212', '', 1),
(533, 'LABORATORIOS ELMOR S.A.', 'J002191953', 'CARACAS', 'AV. EUGENIO MENDOZA, CENTRO LETONIA, PISO 16 LA CA', '0245-5719010/0212771', '', 1),
(534, 'PLANTAS ELECTRICAS HERMANOS LYNCH C.A.', 'J306248277', 'VALENCIA', 'AV.PRINCIPAL DE LA QUIZANDA PROLONGACION AV MICHEL', '0241-8388993/8389209', '', 1),
(535, 'CARIBE FABRICA DE VELAS C.A.', 'J306837426', 'MARACAY', 'CALLE LA ROMANA Nº 74-33 CAGUA EDO ARAGUA.', '0244-4479286', '', 1),
(536, 'INVERSIONES SERVI-MANTT C.A.', 'J316065693', 'MARACAY', 'CALLE PIAR Nº25 SECTOR 13 DE ENERO CAMPO ALEGRE MA', '0243', '', 1),
(537, 'CARLOS GREGORIO BRICEÑO PALENCIA', 'V070306987', 'VALENCIA', 'URB. EL SOLAR CALLE Nº 3 PARCELA 115 VALENCIA EDO ', '0241-', '', 1),
(538, 'CONSTRUCTORA LA COROMOTO COLACO C.A.', 'J294624316', 'MARACAY', 'CALLE PUERTO RICO CASA Nº 24 SECTOR FRANCISCO DE M', '0243-2192605', '', 1),
(539, 'ACEROS LAMINADOS, C.A.', 'J075217799', 'ACARIGUA', 'AV. PRINCIPAL, GALPONES E-13 Y E-14, ZONA CONGLOME', '0258.766.00.80. ', '', 1),
(540, 'MULTISERVICIOS KATEDRA C.A.', 'J309977792', 'VALENCIA', 'URB. TRIGAL NORTE AV. PRINCIPAL MAÑONGO ENTRE CALL', '0241-8430366', '', 1),
(541, 'RECAMBIO TODOAUTO 2005,.C.A.', 'J312666781', 'CARACAS', 'AV. SUCRE EDIF. RES. EL PARQUE PISO PB LOCAL 11 UR', '0212-285.69.39-28524', '', 1),
(542, 'CATARINAS AUTO PARTS, C.A.', 'J297773479', 'MARACAY', 'AV BERMUDEZ C/C AV LOS CEDROS S/N E/S BERMUDEZ URB', '0414-5981022', '', 1),
(543, 'ADRIANA JOSEFINA ZAMBRANO ALVARADO', 'V177034068', 'MARACAY', 'PARAPARAL 1, VEREDA 21 Nº 32 MARACAY EDO ARAGUA', '243', '', 1),
(544, 'TALLER RIO TUY ERS, C.A.', 'J297981110', 'MIRANDA', 'CARRETERA CHARALLAVE- CUA URB.IND RIO TUY, MANZANA', '0239.2480347/4615', 'TALLERRIOTUYERS@GMAIL.COM', 1),
(545, 'QUIMICAS RMS DE VENEZUELA, C.A.', 'J307255374', 'ARAGUA', 'AV. PRINCIPAL GALPON Nº3 ZONA IND. SAN VICENTE II ', '0243-5538175', '', 1),
(546, 'PS AUTO EL VIÑEDO S.A.', 'J316591778', 'VALENCIA', 'AV. CARLOS SANDA,LOCAL Nº105-87 EL VIÑEDO.', '0414-4954880/0241814', 'anadrade@peugeot', 1),
(547, 'COSMETICOS MARBEN 2000, C.A.', 'J303456812', 'CARACAS', 'ZONA INDUSTRIAL DEL ESTE PROLONGACION 2DA AV. EDIF', '0212-3619595-3622659', '', 1),
(548, 'LUBRICATIA 2009, C.A.', 'J297761349', 'CARACAS', 'AV. SIMON BOLIVAR, ENTRE CALLE 6 Y 7 EDIF. GALPON ', '0212-', '', 1),
(549, 'TUNE - UP, C.A.', 'J297788999', 'MARACAY', 'AV. LOS AVIADORES NRO. PB-1 URB. ZONA INDUSTRIAL P', '0414.2941902', '', 1),
(550, 'AVICOLA LA GUASIMA, C.A.', 'J075822889', 'VALENCIA', 'CARRETERA VIEJA DE TOCUYITO - TOCUYITO EDO CARABOB', '0241-8942878', '', 1),
(551, 'CR7 WASH CARS, C.A.( AUTOLAVADO)', 'J297415319', 'VALENCIA', 'AV. NAVAS SPINOLA ENTRE AV BOLIVAR NORTE Y AV URDA', '0241-8583596', '', 1),
(552, 'PINTURAS FLAMUKO, C.A.', 'J075412680', 'GUACARA', 'ZONA INDUSTRIAL EL TIGRE AVENIDA PRINCIPAL GALPON ', '0245-4000400-', 'pinturasflamuko.com @www', 1),
(553, 'C.A.CENTRO MEDICO DE CARACAS', 'J000063265', 'CARACAS', 'AV. ERASO,EDIF.CENTRO MEDICO, PISO 5, LOCAL EDIF. ', '0212-5559155', '', 1),
(554, 'CONDOMINIO C.C CARIBBEAN PLAZA', 'J075736605', 'VALENCIA', 'AVENIDA MONTE DE OCA CENTRO COMERCIAL CARIBBEN PLA', '0241-', 'ANGELMACHADO5911@HOTMAIL.COM', 1),
(555, 'LOS RENOLEROS C.A.', 'J294646476', 'VALENCIA', 'CALLE MICHELENA ENTRE SOUBLETTE Y ANZOATEGUI PLANT', '0241-4514657', '', 1),
(556, 'AUTO CAMIONES ORIENTAL, C.A.', 'J297627626', 'PORLAMAR', 'AV. JUAN BAUTISTA ARISMENDI EDIF. ANTIGUO LOCAL OR', '0243-', '', 1),
(557, 'GERCEY,C.A', 'J309222929', 'VALENCIA', 'CALLE GIRALDOT C/C CON AVENIDA RICAUTE SAMBLAS CAS', '241', '', 1),
(558, 'COMERCIALIZADORA FENIX C.A.', 'J314824856', 'MARACAY', 'C/C TRINIDAD PLAZA PISO Nº1 LOCAL 2 - C CAGUA , MA', '243', '', 1),
(559, 'EGLYSMAR ESPINOZA PERDOMO', 'V159920379', 'MARACAY', 'CALLE SANTOS MICHELENA EDIFICIO RESIDENCIA TAMANAC', '0412-7534486', '', 1),
(560, 'CORPORACION ESPINOSA 08, C.A.', 'J296950296', 'CARACAS', 'AV. LAGUNA EDIFICIO TACARIGUA PISO 1 OFIC. 108 URB', '0212', '', 1),
(561, 'MARIAN REBECA HERNANDEZ FIGUEROA', 'V188959039', 'MARACAY', 'URB. EL CENTRO EDIF. VALLE DE ARAGUA PISO Nº8 APTO', '0243-2352431', '', 1),
(562, 'LA TIENDA DEL CONDUCTOR 2009, C.A.', 'J297774076', 'CARACAS', 'AV. SIETE, ENTRE CALLE PERU Y AV. BOLIVAR EDIF RES', '0212-', '', 1),
(563, 'TECNOLUB ZZ,C.A. ', 'J315692562', 'MARACAY', 'CARRETERA NACIONAL CAGUA LA VILLA KILOMETRO 6 ZONA', '0414-3454711', 'm.serino@grupozz.com', 1),
(564, 'REPUESTOS EUROFIAT,C.A.', 'J295117299', 'VALENCIA', 'CALLE URLA CARONI NIVEL PLANTA BAJA NIVEL 1 URB MI', '0241-8571560', '', 1),
(565, 'GIOVANNI RAFAEL GARCIA HERNANDEZ', 'V166862988', 'MARACAY', 'PARRAPAL CALLE PRINCIPAL Nº 34 MARACAY EDO ARAGUA', '243-', '', 1),
(566, 'JOSE SEQUERA', 'V18180511', 'MARIARA', 'CALLE URDANETA CASA Nº51 MARIARA EDO CARABOBO', '0416-9262015', '', 1),
(567, 'MULTISERVICIOS NJ 1130 C.A.', 'J311703063', 'CARACAS', 'CARICUAO - CARACAS DISTRISTO FEDERAL ', '0416-4027867', '', 1),
(568, 'AUTO REPUESTOS SU JEEP C.A.', 'J306014721', 'MARACAY', 'AV. 99 GUAICAIPURO Nº 26 LA BARRACA MARACAY EDO AR', '0243', '', 1),
(569, 'CHACINERIA CARABOBO,C.A.', 'J306662847', 'VALENCIA', 'CALLE SILVA C/C MONTES DE OCA NRO 166-01 SECTOR LA', '0424-4636818', '', 1),
(570, 'IVAN ALBERTO CAICEDO MIRANDA', 'V127724225', 'VALENCIA', 'URB. IND CASTILLITO CALLE 101-ENTRE 66 Y 68 EDIFIC', '0241.', '', 1),
(571, 'JOSE G.PARRA C.', 'V143939835', 'CARACAS', 'CALLE COLEGIO AMERICANO RESIDENCIAS EL NARANJAL TO', '212', '', 1),
(572, 'CLARIANT VENEZUELA, S.A.', 'J000460787', 'MARACAY', 'AV. ANTON PHILLIPS- ZONA INSDUSTRIAL SAN VICENTE I', '0243-5503275', '', 1),
(573, 'PEDRO LUIS HERNADEZ CAMPO', 'V159916517', 'MARACAY', 'CALLE LA ISLA CASA NRO.12-1 SECTOR LA PEDRERA MARA', '243', '', 1),
(574, 'AUTOS RADIADORES ZARAZA,C.A.', 'J298595612', 'MARACAY', 'VDA. 13 CASA Nº 19 URB. CAÑA DE AZUCAR SECTOR 04 ', '0243-8716710', '', 1),
(575, 'QUINTA CARS ARAGUA C.A', 'J301758790', 'VALENCIA', 'AV. BRICEÑO MENDEZ C/C CALLE CANTAURA CC.CANDELARI', '0241-8357013-8359105', '', 1),
(576, 'BARRERA HAIDEE M', 'V090536300', 'VALENCIA', 'AV. PANCHO PEPE CROQUER DE VENEZUELA, ZONA INDUSTR', '241', '', 1),
(577, 'INDUSTRIAS POLLO PREMIUM 5.8,C.A.', 'J304112629', 'MIRANDA', 'CALLE PRIMERA TRANSVESAL Nº 121/122 SECTOR LOS CER', '0212 3229492-3227544', '', 1),
(578, 'INDUSTRIA NACIONAL DEL CALZADO, C.A. (INACA)', 'J075135741', 'MARACAY', 'AV INDUSTRIAL NORTE NRO 37-38 ZONA INDUSTRIAL SAN ', '02446634520-6633640', '', 1),
(579, 'LABORATORIO NATURAL PREMIUM,C.A.', 'J305512310', 'MARACAY', 'URB. LAS MAYAS CALLE JOSE FELIX RIBAS Nº 9-4 EDIF.', '0243-2179580/2179581', '', 1),
(580, 'WESTERN CHEMICALS C.A.', 'J302160332', 'VALENCIA', 'URB. PREBO- AVENIDA ELADIO ALEMAN SUCRE, CENTRO CO', '0241 8228631/8244487', '', 1),
(581, 'MULTISERVICIOS VOLKS-GN,C.A.', 'J298777753', 'VALENCIA', 'PASEO CUANTRICENTINARIO C/C CON EL CASTAÑO URB. CA', '0243', '', 1),
(582, 'GAS SUPER STATION C.A.', 'J307767367', 'VALENCIA', 'PASEO CUATRICENTENARIO C/C CON EL CASTAÑO URB CAMP', '0241-8268769', '', 1),
(583, 'INVERSIONES JYLA 2006, C.A.', 'J298196750', 'CARACAS', 'AV. MATALINDA QTA 64 NRO 64 SECTOR 1H2 OCUMARE DEL', '0212', '', 1),
(584, 'PRODUCTOS AMADIO C.A', 'J075028309', 'VALENCIA', 'PROLONGACION AV. LISANDRO ALVARADO - SECTOR LA FLO', '0241-8533915/8533926', '', 1),
(585, 'PLANTAS ELECTRICAS VALENCIA C.A.', 'J315788438', 'VALENCIA', 'AV. SUCRE ENTRE CALLE ANZOATEGUI Y CALLE ESPAÑA LO', '0241-8710283-', '', 1),
(586, 'LUIS OJEDA NO', 'V19417547', 'MARACAY', 'PARAPARAL II MANZANA "C" CASA Nº 50 MARACAY EDO AR', '0222', '', 1),
(587, 'CORPORACION ALL POWER, C.A.', 'J309235311', 'VALENCIA', 'CALLE GUACARA CC CENTRO COMERCIAL NCCP NIVEL 1 OF ', '0241-4176146', '', 1),
(588, 'DISTRIBUIDORA CAMPOS SUAREZ C.A.', 'J303909590', 'CIUDAD BOLIVAR', 'AV. RAUL LEONI EDIFICIO EL SHANDAI PISO PB LOCAL S', '0285-', '', 1),
(589, 'T´ FRENOS, C.A.', 'J296819971', 'CIUDAD BOLIVAR', 'AV. RAUL LEONI NRO B LOCAL B SECTOR RAUL LEONI UPA', '0285', '', 1),
(590, 'TRANSPORTE L-L, C.A.', 'J312123877', 'CIUDAD BOLIVAR', 'CALLE PRINCIPAL CASA Nº S/N SECTOR SAN JOSE UPATA ', '285', '', 1),
(591, 'INVEPA C.A. ', 'J300194990', 'VALENCIA', 'CALLE ESTE- OESTE C.C JIMENEZ MARQUEZ, NIVEL 1 GAL', '0241 8324743', '', 1),
(592, 'SERVIAUTOPARTE J.F. PINTURA, C.A.', 'J295674066', 'VALENCIA', 'CALLE ENTRADA PRINCIPAL CAMPO SOLO CASA S/N URB LO', '02414167824-7828', '', 1),
(593, 'ABASTECIMIENTO Y LOGISTICA AGROPECUARIO, AL AGRO, C.A', 'J297931651', 'MARACAY', 'CALLE MARCOS BERACASA LOCAL GALPON NRO 03 ZONA IND', '0244-4474166', '', 1),
(594, 'FORMA ELASTICA, C.A.', 'J308293458', 'MARACAY', 'AV. PRINCIPAL SAN VICENTE II FINAL CALLE A PARCELA', '243-5536821-7056', '', 1),
(595, 'NEREIDA JOANNE ESCOBAR TORTOLERO', 'V070801040', 'VALENCIA', 'URB. EL TRIGAL VALENCIA EDO CARABOBO.', '0241', '', 1),
(596, 'AUTOMOVILES LE MANS,C.A.', 'J307539135', 'PUERTO ORDAZ', 'CIUDAD GUAYANA (PUERTO ORDAZ).CII NEVERI, PARCELA ', '241', '', 1),
(597, 'FRIGORIFICOS ORDAZ S.A.', 'J080006143', 'PUERTO ORDAZ', 'COMPLEJO COMERCIAL GARCIA HERMANOS CALLE IPIRE - Z', '286-9511475', '', 1),
(598, 'COOPERATIVA DE TRANSPORTE GUAYANA "COOTRAGUAY" R.L.', 'J095085490', 'PUERTO ORDAZ', 'CALLE 13 PARCELA N° 3 Y 4 ZONA INDUSTRIAL MATANZAS', '2869940045', '', 1),
(599, 'SUMINISTROS TRANSPORTE Y REPUESTOS THERMODYNE,C.A.', 'J315977966', 'PUERTO ORDAZ', 'AV. PRINCIPAL UD-321 CASA 07-08 ZONA INDUSTRIAL MA', '286', '', 1),
(600, 'REPUESTOS SEBASTIAN ROA,C.A.', 'J311517197', 'PUERTO ORDAZ', 'ESQUINA TRANSVERZAL C, ENTRE CALLE 2 Y 3 GALPON N°', '0285', '', 1),
(601, 'JOSE HILARIO,GARCIA SALAZAR', 'V174719388', 'MARACAY', 'CALLE ANDRES BELLO CASA N°49 SECTOR 13 DE ENERO, C', '234', '', 1),
(602, 'TALLER DE REPARACIONES INDUSTRIALES,C.A.(TARREINCA)', 'J095121534', 'PUERTO ORDAZ', 'CALLE TRANSVERSAL C EDIFICIO. TARREINCA PISO PB OF', '0285', '', 1),
(603, 'TRANSPORTE PUBLICO DEL ESTADO BOLIVAR C.A (TRANSBOLIVAR) ', 'G200103043', 'CIUDAD BOLIVAR', 'AV. NORTE SUR, CALLE SIN NUMERO EDIF. PISO 0 LOCAL', '285', 'compras.transbolivar@gmail.com', 1),
(604, 'SIMON ALBERTO GONZALEZ', 'V042244127', 'VALENCIA', 'GUACARA EDO CARABOBO', '0241-', '', 1),
(605, 'HIELO EXPRESS DE VENEZUELA,C.A.', 'J314306790', 'MARACAY', 'AV. INTERCOMUNAL TURMERO MARACAY-EDO ARAGUA.', '243-2690308', '', 1),
(606, 'ALIMENTOS INDAECA,C.A.', 'J075032080', 'MARACAY', 'CALLE A, CONG. MANUEL OLIVARES B LOCAL PARCELAS NR', '243-5515185-66.53', '', 1),
(607, 'COMERCIALIZADORA SNACKS,S.R.L.', 'J002974214', 'PUERTO ORDAZ', 'URBANIZACION LOS CORTIJOS DE LOURDES, CALLE HANS N', '285', '', 1),
(608, 'C.A. DE ADMINISTRACION Y FOMENTO ELECTRICO (CADAFE)', 'J000043663', 'CARACAS', 'AV. SANZ, EDIF. CENTRO ELECTRICO, URB.EL MARQUEZ C', '286-7123245', '', 1),
(609, 'TRANSPORTE HERMANOS PEREZ C.A.', 'J310827443', 'SAN CRISTOBAL', 'CONJUNTO RESIDENCIAL, AV ESPAÑA, CASA 4 SAN CRISTO', '285', '', 1),
(610, 'PROYEC ELECTRIC,C.A.', 'J297315527', 'MARACAY', 'URB. MANANTIAL N° 138, EL CONSEJO EDO ARAGUA.', '243', '', 1),
(611, '3P INVERSIONES C.A.', 'J309155873', 'MARACAY', 'AV. INTERCOMUNAL TUMERO MARACAY SECTOR LA PROVIDEN', '0243-2690733-2698356', '', 1),
(612, 'LA CASA DEL RADIADOR, C.A.', 'J075826752', 'MARACAY', 'AV MIRANDA OESTE NRO. 130 SECTOR CENTRO, MARACAY E', '02432453989', '', 1),
(613, 'INVERSIONES AUTOMOTRIZ VOLKSVAL,C.A.', 'J299051870', 'VALENCIA', 'URB.POCA TERRA AV N°2 LOCAL 2 N°93-30 TOCUYITO EDO', '02418977438', '', 1),
(614, 'AUTOS GOYO¨S 1 C.A.', 'J306896538', 'NAGUANAGUA', 'AV. BOLIVAR VIEJA DE NAGUANAGUA EDO CARABOBO', '0241-3168502', '', 1),
(615, 'AUTO - REPUESTOS JEECON,C.A.', 'J297852514', 'CARACAS', 'AV. PRINCIPAL DE BOLEITA SUR CALLE LECUNA CON TRAN', '0212', '', 1),
(616, 'MB CAMIONES DE GUAYANA,C.A.', 'J314820389', 'CIUDAD BOLIVAR', 'ZONA INDUSTRIAL LOS PINOS, UNIDAD DE DESARROLLO 30', '0286-7180285', '', 1),
(617, 'AGROTRANSPORTE LA HACIENDA,C.A.', 'J309623362', 'CIUDAD BOLIVAR', 'CALLE ALBERTO RAVEL Y PINTO SALINAS CASA S/N UPATA', '285', '', 1),
(618, 'TODOTOYOTA,.S.A', 'J316135977', 'CIUDAD BOLIVAR', 'AV. PRINCIPAL DE CASTILLITO EDIFICIO HOSPEDAJE DAN', '285', '', 1),
(619, 'GERARDO RAMON PEÑA CAMPO', 'V037388048', 'VALENCIA', 'CALLE NORTE SUR M-1 C/ ESTE OESTE ZONA M-2 CASTILL', '245', '', 1),
(620, 'ALCALDIA SOCIALISTA BOLIVARIANA DE CARONI', 'G200003634', 'CIUDAD BOLIVAR', 'CALLE BOLÍVAR DIAGONAL PLAZA BOLÍVAR. PALACIO MUNI', '285', '', 1),
(621, 'DERIVADOS DE MAIZ SELECCIONADO, DEMASECA C.A.', 'J301195213', 'BARQUISIMETO', 'CARRETERA BARQUISIMETO-ACARIGUA, KM44. SECTOR LA M', '0258-7139100', 'JGONZALEZ@MONACA.COM.VE', 1),
(622, 'SERVICIO TECNICO ITALPARTS,C.A.', 'J305367647', 'MARACAIBO', 'AV 66 EDIF ITALPARTS ZULIA PISO PB LOCAL PROV 3000', '0261-7368094-2282', 'FAGUILERA@ITALPARTSZULIA.COM', 1),
(623, 'COOPERATIVA"CORASPA",R.L', 'J293883393', 'PUERTO ORDAZ', 'CALLE PRINCIPAL MANZANA 12 PARCELA N°88 ZONA INDUS', '0826', '', 1),
(624, 'V.G. AUTOS C.A.', 'J308265608', 'PUERTO ORDAZ', 'AV. VIA CARACAS EDIF. PONTA PISO PB LOCAL PLANTA B', '0286', '', 1),
(625, 'DISTRIBUIDORA GASEOSAS DE ORIENTE, C.A.', 'J298062479', 'CIUDAD BOLIVAR', 'CTRA UPATA GUASIPATI KM 1,5 GALPON N°1 ZONA INDUST', '286', '', 1),
(626, 'SERVI CARGA ASCANIO, C.A.', 'J309902113', 'VALENCIA', 'CARRETERA NACIONAL MARIARA MARACAY PARCELA N° 17 S', '2631251', '', 1),
(627, 'FRANKLIN M VILLARREAL S', 'V149566526', 'NAGUANAGUA', 'SECTOR GUAYABAL CALLE GUAYABAL GALPON SIN N° AL LA', '0244', '', 1),
(628, 'HECTOR MONSALVE', 'J18253139', 'VALENCIA', 'URB. VILLAS LAGUNA NORTE, CASA N°18, GUATAPARO', '241', '', 1),
(629, 'CHRISTIAN CAMILO RAMOS MARTINEZ', 'V210256500', 'MARACAY', 'CALLE PEGRON N°64 PIÑONAL', '243', '', 1),
(630, 'TECNO SERVICIOS VAS, C.A.', 'J298204087', 'VALENCIA', 'AV. BOLIVAR VIEJA DE NAGUANAGUA DETRAS DEL E/S TRE', '0424-4331063-0416349', '', 1),
(631, 'MACK DE VENEZUELA, C.A.', 'J000509085', 'ARAGUA', 'CALLE FINAL B EDIF. MACKVENCA, PISO PB MACKVENCA U', '0244-3022305', '', 1),
(632, 'MC , CAMIONES C.A.', 'J294110762', 'VALENCIA', 'AV. LISANDRO ALVARADO SECTOR LA FLORIDA -NRO.114-7', '241-8352798/8359386', 'MCCAMIONESGG@GMAIL.COM', 1),
(633, 'AGROPECUARIA HERMANOS PEREIRA,C.A.', 'J309801678', 'CIUDAD BOLIVAR', 'AV. RAUL LEONI GALPON S/N URB. VICENTINARIO UPATA ', '281', '', 1),
(634, 'AUTOREPUESTOS LA TRINIDAD, S.A.', 'J312514906', 'CIUDAD BOLIVAR', 'AV. RAUL LEONI EDIFICIO DOÑA MARIA LOCAL 1 MUNICIP', '285', '', 1),
(635, 'C.A. CERVECERIA REGIONAL ', 'J070003448', 'MARACAIBO', 'AV 17 (LOS HATICOS) N° 112-13 EDIF PLANTA MARACAIB', '285', '', 1),
(636, 'AUTO SERVICIOS EL RAPIDO, C.A.', 'J308963925', 'CIUDAD BOLIVAR', 'UD.113.AV MANUEL PIAR BELLA VISTA MANZANA 19 LOCAL', '02869711774', '', 1),
(637, 'COMERCIALIZADORA TRES S C.A. ', 'J310104182', 'MARACAY', 'AV. MARACAY No. 15 ZONA IND. SAN VICENTE I', '243', '', 1),
(638, 'LUIS FELIPE ROJAS DE LOS RIOS', 'V082186782', 'MARACAY', 'URBANIZACION VILLA CARIBE N°81 LA MORITA 1 MARACAY', '243', '', 1),
(639, 'SUPER ESTACION PREBO C.A.', 'J307422548', 'VALENCIA', 'AV. 105 ENTRE AV 06 Y 08 URBANIZACION PREBO VALENC', '0241-8222355', '', 1),
(640, 'ORINOCO OIL, C.A.', 'J311664165', 'CIUDAD BOLIVAR', 'AV. MANUEL PIAR SECTOR EL GALLO LOCAL 2 CIUDAD BOL', '0286-94742730', '', 1),
(641, 'SERVICIOS TECNICOS DE RADIADORES LARC,S.A.', 'J095151905', 'CIUDAD BOLIVAR', 'ZONA INDUSTRIAL UNARE 2 CALLE NEVERI N°5 PUERTO OR', '0286-9512207', '', 1),
(642, 'ASOCIACION COOPERATIVA DE PARTES Y REPUESTOS LUIFER,R.L', 'J298560460', 'CIUDAD BOLIVAR', 'AV.GUMILLA, LOCAL S/N SECTOR LUIS HURTADO HIGUERA.', '0286-3263907', '', 1),
(643, 'CARTO CENTRO, C.A.', 'J075350979', 'MARACAY', 'CALLE INTERSAN CASA NRO 99 SECTOR SAN CARLOS, MARA', '0243-23554012-271342', '', 1),
(644, 'TRUMACA TRUCK & MACHINERY, C.A.', 'J316643255', 'CIUDAD BOLIVAR', 'AV CARACAS EDIF. TRUMACA N° 46 ZONA PARQUE IND. LO', '0286-9945962', '', 1),
(645, 'ANA ELSA RODRIGUEZ DE FRANCO', 'V037907762', 'VALENCIA', 'CALLE 139 N°181 SAN DIEGO EL MORRO 1 VALENCIA EDO ', '02418711963', '', 1),
(646, 'TERA SUPPLY C.A', 'J294637140', 'MATURIN', 'AV.RAUL LEONI EDIF. YURUBI PISO 6 APTO. 6-D URB. J', '02916423976', '', 1),
(647, 'LUBRICANTES RIO ORINOCO, COMPAÑIA ANONIMA', 'J295734107', 'CIUDAD BOLIVAR', 'CALLE MIRANDA , VIA EL MANTECO LOCAL NRO 32 SECTOR', '0286 952.01.75', ' leonardo.rivas@rioorinoco.com', 1),
(648, 'INVERSIONES Y TRANSPORTE BARINAS COMPAÑÍA ANONIMA', 'J306737731', 'CIUDAD BOLIVAR', 'CTRA. VIA SAN VICENTE EDIF ITC IOCAI. NRO S/N SECT', '0414-8727640', '', 1),
(649, 'CORPORACION ALBISOLA, C.A.', 'J297847189', 'CIUDAD BOLIVAR', 'CALLE EL PALMILLO GALPON 01 ZONA INDUSTRIAL MATANZ', '285', '', 1),
(650, 'MICROEMPRESA MULTISERVICIOS LA GOTA GOLD ', 'J296675180', 'CIUDAD BOLIVAR', 'AV ALBERTO RAVEI POR DETRÁS DEL COLEGIÓ DE LAS MON', '04249087436', '', 1),
(651, 'RIO ORINOCO OIL C.A', 'J297308199', 'PUERTO LA CRUZ', 'CALLE MUNICIPAL LOCAL GALPON NRO 195 SECTOR CENTRO', '0281-2632688', 'ricardo. campos@rioorinoco.com', 1),
(652, 'CREMA PARAISO, S.A.', 'J000091943', 'CARACAS', 'AV. PROL 2A EDIF CREMA PARAISO PISO PB LOCAL PB UR', '0212-3625374', 'ERICK.HOULI@CREMAPARAISO.COM', 1),
(653, 'TRANSPORTE GRESPAN, C.A.', 'J002779136', 'CARACAS', 'AV. FRANCISCO SOLANO LOPEZ, EDIFICIO TORRE LOS MAN', '0212-7612123', '', 1),
(654, 'MELQUIADES JOSE ROSALES CAÑAS', 'V039093924', 'MARACAY', 'BRISAS DEL LAGO CALLE TEREPAIMA N° 12 MARACAY EDO ', '0243-5517036', '', 1),
(655, 'JOLVER JOSE LUCES CRESPO', 'V147308309', 'MARACAY', 'URB. EL BOSQUE CEIBA 4 EDIF. 4 PLANTA BAJA APTO. V', '244', '', 1),
(656, 'ELIAS JOSE ALVAREZ PEREZ', 'V036896082', 'VALENCIA', 'URB. CAMPO RESIDENCIA ISLA ESMERALDA VALENCIA EDO ', '0241', '', 1),
(657, 'SUPER LIDER CHARALLAVE C.A.', 'J299102695', 'OCUMARE DEL TUY', 'AV. TRICENTENARIA LOCAL MADOSA SECTOR LOMAS DE ALV', '0212', '', 1),
(658, 'LABORATORIOS KIMICEG,C.A.', 'J001946268', 'CARACAS', 'AV.ABRAHAN LINCOLN/CALLE LOS MANGOS EDIF SELEMAR P', '0243.551.70.89/65.45', 'mortega@kimiceg.com.ve', 1),
(659, 'C4 DISEÑO Y PUBLICIDAD C..A', 'J309302450', 'MARACAY', 'BARRIO LIBERTAD CALLE EL SAMAN N°43 MARACAY EDO AR', '02432473103', '', 1),
(660, 'MERCANTIL INTERNACIONAL C.A.', 'J000250596', 'CARACAS', 'PARCELA N° 75 LOCAL N°2 URBANIZACION INDUSTRIAL RI', '0212-9490266', '', 1),
(661, 'GUAYANA GAS C.A.', 'J000485119', 'CARACAS', 'CENTRO COMERCIAL PLAZA TRINIDAD, PB- URB. INDUSTRI', '0212-9430361', '', 1),
(662, 'SODEXHO VENEZUELA ALIMENTACION Y SERVICIOS,C.A.', 'J306948015', 'CARACAS', 'AV. SAN FRANCISCO C/C PALMARITO. EDIF.INDULAC, PIS', '0212-9060406', '', 1),
(663, 'MARTINEZ, TARCISIO MARCELINO', 'V040384070', 'ALTAGRACIA DE ORITUCO', 'CALLE HURTADO ASCANIO EDIF LOS SAUCES PISO P.B. LO', '0248', '', 1),
(664, 'ELECT & TRONIC M S M, C.A.', 'J296136971', 'VALENCIA', 'CALLE MICHELENA LOCAL N°94-55 SECTOR SAMBLAS VALEN', '0241-6177797', '', 1),
(665, 'TODO EN CAJAS C.A.', 'J297135839', 'MARACAY', 'AV. INTERSAN, LOTE A GALPON N° 19 ZONA PIÑONAL SUR', '0243-6150383', '', 1),
(666, 'GLOBAL¨S SOUND, CAR SYSTEMS C.A. ', 'J313378968', 'VALENCIA', 'CALLE BRICEÑO MENDEZ CRUCE CON CANTAURA Y MANRIQUE', '241-', '', 1),
(667, 'VARIEDADES CAMILUCHA,C.A.', 'J307165987', 'ARAGUA', 'AV LISANDRO HERNADEZ CASA NRO 1-3 SECTOR CENTRO VI', '0244', '', 1),
(668, 'TRANSTUBO, C.A.', 'J294498116', 'VALENCIA', 'AV. CEDEÑO C/C MONTES DE OCA EDIF. TORRE EMPRESARI', '04144116399', '', 1),
(669, 'ALMACENES Y TRANSPORTES CEREALEROS A.T.C, C.A.', 'J307624850', 'ACARIGUA', 'AV LOS AGRICULTORES LOCAL NRO S/N SECTOR LA ESPIGA', '0255 6150071-6115007', 'elys63@gmail.com', 1),
(670, 'GARDEÑ, C.A.', 'J303785441', 'VALENCIA', 'AV. URDANETA ENTRE BERMUDEZ Y LOPEZ N 88-28 VALENC', '241-', '', 1),
(671, 'SUPER AUTOS CAMIONES PUERTO ORDAZ,C.A.', 'J294950566', 'CIUDAD BOLIVAR', 'AV. CARACAS / CALLE N° 6 / MANZANA 30 PARCELA N° 2', '0286-7127400', '', 1),
(672, 'THEODORAKIS RODRIGUEZ AGUILERA ', 'V135793619', 'MARACAY', 'AV. PROLONGACION EL PIÑAL N° 79 A EL LIMON MARACAY', '243', '', 1),
(673, 'UNIAUTO,C.A.', 'J000440115', 'CARACAS', 'AV ANDRES BELLO CASA UNIAUTO URB LOS CAOBOS CARACA', '012', '', 1),
(674, 'REPUESTOS LA FRANCE, C.A ', 'J297380655', 'VALENCIA', 'AV. BOLIVAR CENTRO COMERCIAL DALILA NAGUANAGUA EDO', '0241-8660281', '', 1),
(675, 'N G TOMASI C A', 'J300647587', 'CIUDAD BOLIVAR', 'AV. PASEO HERES EDIF. N.G. TOMASI, PISO PB LOCAL S', '0285', '', 1),
(676, 'ALIMENTOS KELLOGG S.A.', 'J000010218', 'MARACAY', 'AV. BOLIVAR ESTE, #52, URB. INDUSTRIAL SAN JACINTO', '02432301611', '', 1),
(677, 'TERMACOM, C.A.', 'J075471377', 'VALENCIA', 'CALLE EL SOL N° 90-181 URB TRIGAL NORTE VALENCIA E', '0241-8421961', '', 1),
(678, 'SUPER AUTOS PUERTO ORDAZ,C.A.', 'J308536725', 'PUERTO ORDAZ', 'AV. LAS AMERICAS C/C CON CALLE VILLA COLOMBIA LOCA', '0285', '', 1),
(679, 'SUPER AUTOS TEPUY, C.A.', 'J295521430', 'PUERTO ORDAZ', 'AV. PASEO CARONI SUPER AUTOS TEPUY URB. LOS SAMANE', '0285', '', 1),
(680, 'YEFERSON JOSE ESCORCHA MORENO ', 'V216706826', 'ARAGUA', 'CAÑA DE AZUCAR SECTOR 8 VEREDA N°23 CASA N°3', '243', '', 1),
(681, 'CRISOLES Y AISLADORES, C.A.', 'J075295765', 'MARACAY', 'CALLE "I" GALPON NRO 36 ZONA INDTL. DE SAN VICENTE', '0243-5517084-5516389', '', 1),
(682, 'FUNDICION DEL CENTRO, C.A.', 'J002030771', 'MARACAY', 'AV. MILAN EDIF. NAGEBEN PISO 1, OF. UNICA, URB LOS', '0244-663.65.65/663.6', 'plantafc@duncan.com.ve', 1),
(683, 'DAIMLER AUTOMOTIVE DE VENEZUELA,C.A.', 'J294424953', 'VALENCIA', 'AV. HENRY FORD (CALLE 81) LOCAL DAIMLER AUTOMOTIVE', '0241- 3008128', '', 1),
(684, 'JULIO PASTOR DEL VALLE PEÑALVER ', 'V060099959', 'MARACAY', 'PROLONGACION SEGUNDA AV. Nº25 LOTE Q SAN JACINTO M', '0423-', '', 1),
(685, 'REPUESTOS Y MULTISERVICIOS EL PALACIO DEL CAMION,C.A.', 'J314361678', 'CARACAS', 'CALLE MANZANILLO QTA MI CIELO URB COLINAS DE CARRI', '212- 7624955', 'Importadora.mundial3000@gmail.com', 1),
(686, 'DISTRIBUIDORA UNIVERSAL DE PRODUCTOS,C.A.', 'J295564449', 'EL TIGRITO', 'CALLE SAN FELIX EDIFICIO PATRIOTICO PLANTA BAJA DE', '0291', 'duproca@hotmail.com', 1),
(687, 'LUBRICANTES ORINOCO OIL 0003, C.A.', 'J311177418', 'MATURIN', 'AV. INTERCOMUNAL LOCAL NRO 195 SECTOR SIERRA MAEST', '04149980998', '', 1),
(688, 'JUSTO DAVID ROJAS ', 'V066256665', 'GUARICO', 'URBANIZACION FRANCISCO LAZO MARTIN CALABOZO EDO GU', '0241', '', 1),
(689, 'TAE MOTORS,C.A', 'J309848771', 'CIUDAD BOLIVAR', 'CALLE EL PARDILLO, EDIF. TAE MOTORS. NRO S/N ZONA ', '0286-9941275', '', 1),
(690, 'AUTOMOTRIZ YOCOIMA C.A.', 'J095056759', 'PUERTO ORDAZ', 'AV. PASEO CARONI, CALLE PRESPUNTUAL,EDIFICIO AUTOM', '0286-9516224 ', '', 1),
(691, 'DISTRIBUIDORA TURMERITO,C.A.', 'J296105375', 'CARACAS', 'AV 1ERA TRANSVERSAL LOCAL PARCELA NRO 7 Y 8 SECTOR', '0212', '', 1),
(692, 'CENTRO AUTOMOTRIZ LOS SAMANES, C.A. ', 'J306677500', 'CIUDAD BOLIVAR', 'AV. GUAYANA EDIFICIO LOS SAMANES PISO PB LOCAL LOS', '0286-9524291', '', 1),
(693, 'AUTO ORIENTE,S.A.', 'J000025487', 'CIUDAD BOLIVAR', 'AV. PROSPERO REVEREND C/C PASEO HERES FRENTE AEROP', '0285-6325915-6325297', '', 1),
(694, 'JOSEHAN ROXELIN PEREZ QUEVEDO ', 'V197922679', 'ARAGUA', 'SECTOR 23 DE ENERO 6TA AVENIDA Nº 32 MARACAY EDO A', '243', '', 1),
(695, 'CORPORACION ATHOCA,C.A.', 'J298053372', 'VALENCIA', 'CALLE CARABOBO C/C SOUBLETTE CC LA ESPERANZA LOCAL', '0245-5653823', 'athoca@gmail.com', 1),
(696, 'EMBUTIDOS CUMBRE FRESCA C.A.', 'J308068128', 'ARAGUA', 'AV INTERCOMUNAL TURMERO, CALLE LAS INDUSTRIAS NRO ', '0244', 'pedrotiapa@cumbrefresca.com', 1),
(697, 'SAFI MOTOR´S C.A.', 'J306230769', 'UPATA', 'CARRETERA NACIONAL UPATA VIA GUASIPATI GALPON 2 LO', '0285', '', 1),
(698, 'INVERSIONES LUCINDA,C.A.', 'J297114980', 'VALENCIA', 'URB. PREBO III CALLE 134 CASA 119-50 VALENCIA EDO ', '0241', '', 1),
(699, 'HILARIO A PERERA G.', 'V087854457', 'VALENCIA', ' CALLE BERMUDEZ C/C VALENCIA SAN DIEGO EDO CARABOB', '0414-1420272', '', 1),
(700, 'MARCELO Y RIVERO C.A ', 'J000237468', 'VALENCIA', 'ZONA IND EL TIGRE AV LAS INDUTRIAS, GUACARA EDO CA', '58-241-6133841', '', 1),
(701, 'REPUESTOS AGROINDUSTRIALES RAI,C.A.', 'J297982493', 'MARACAY', 'CTRA NACIONAL CAGUA- LA VILLA CC 5TA AVENIDA Nº 10', '0244-4173895', '', 1),
(702, 'GRECIA CAROLINA MARIN ALVAREZ', 'V121408569', 'MARACAY', 'URB. SANTA EDUVIGIS CALLE MADRE MARIA CASA D -20 S', '0412', '', 1),
(703, 'H.MOTORES CAGUA,C.A. ', 'J302005914', 'MARACAY', 'CARRETERA NACIONAL CAGUA VILLA DE CURA, ZONA INDUS', '0424-4732932', '', 1),
(704, 'TRANSPORTE J J 9938, C.A.', 'J316484572', 'CARACAS', 'CTRA CHARALLAVE - CUA MANZANA 5 CASA PARCELA 146 U', '0212', '', 1),
(705, 'METROPOLIS CARS 2005,C.A', 'J312666803', 'CARACAS', 'AV SUCRE ENTRE 5TA Y 6TA TRANSVERSAL Nº 44 URB. LO', '0212-284.02.13.', '', 1),
(706, 'RIO ORINOCO MARGARITA,C.A.', 'J317275942', 'PORLAMAR', 'AV. PROLONGACION AV 4 DE MAYO CC CENTRO EMPRESARIA', '0295-4173324', '', 1),
(707, 'AURI MARY RODRIGUEZ COVA ', 'V119905679', 'MARACAY', 'CAMPO ALEGRE CALLE OSCAR TALLARDAT CASA Nº 6 MARAC', '0243', '', 1),
(708, 'AUTONOR,C.A', 'J298432594', 'VALENCIA', 'AV. BOLIVAR NORTE URB LA ALEGRIA 101- LOCAL 150-20', '0241-8237853', 'autonorvenezuela@gmail.com', 1),
(709, 'EXCELENT MOTORS 2005,C.A', 'J295547366', 'CARACAS', 'CALLE BOLIVAR CON CALLE LOS GUAYABITOS EDIF. COMER', '0212-9453586', 'mitsubishi.201.0@metropoliscars.com.ve ', 1),
(710, 'TRANSPORTE MACOZAN,C.A.', 'J314412213', 'VALENCIA', 'CARRETERA NACIONAL GUACARA SAN JOAQUIN ZONA IND. E', '0245-5653808-5645179', ' administracion@macozan.com', 1),
(711, 'KAORI VIRGINIA ZAMBRANO RAMOS', 'V208957534', 'ARAGUA', 'SAN VICENTE CALLE MARACAY Nº 23 EDO ARAGUA ', '0426-3316802', '', 1),
(712, 'HYPER LIDER LA MORITA, C.A. ', 'J311437240', 'ARAGUA', 'AV. PROLONGACION AVENIDA ARAGUA CC HYPER LIDER NIV', '0243', '', 1),
(713, 'FR AUTOPARTES C.A.', 'J307740493', 'CARACAS', 'AV. FRANCISCO DE MIRANDA, EDIF. AVILA. PB A MEDIA ', '0212-2327317', '', 1),
(714, 'IS.LA.Z IMPORT EXPORT, C.A.', 'J304889801', 'CARACAS', 'AV. FRANCISCO DE MIRANDA, EDF. GUARIMBA(SOTANO) UR', '0212-2379452 / 23805', 'is.la.z@hotmail.com', 1),
(715, 'DULCE SOFIA DE LA COROMOTO URDANETA ALVAREZ', 'V055223889', 'ARAGUA', 'SECTOR STA ANA , CALLE LAMPEL RESIDENCIA LA ARBOLE', '04243570012', '', 1),
(716, 'HECTOR E LOPEZ ', 'V038431516', 'VALENCIA', 'BARRIO 1ERO DE DICIEMBRE CALLE TIUNA C/C ROSALES N', '0424', '', 1),
(717, 'ANTONIO JOSE DURAN MORGADO', 'V051518892', 'VALENCIA', 'URB. NEGRO PRIMERO SECTOR EL VALLE MANZANA 13 Nº 2', '0424-', '', 1),
(718, 'ALPROTECH DE VENEZUELA C.A. ', 'J309974866', 'VALENCIA', 'CTRA NACIONAL LOS GUAYOS GUACARA CC LAS GARCITAS N', '0245-5714877/5712966', 'alprotechven@cantv.net', 1),
(719, 'TRANSPORTE V.C. 8856,C.A.', 'J294231756', 'MARACAY', 'CALLE PASEO MANUELA SAENZ, EDIFICIO CONJUNTO RES. ', '0414-1135894', '', 1),
(720, 'TRANSPORTE ONKAR,C.A ', 'J311098712', 'VALENCIA', 'AV.64 LOCAL PARCELA NRO L - 9 ZONA INDUSTRIAL CAST', '0424-4309033/ 0241 8', 'compras@transporteonkar.com.ve', 1),
(721, 'MULTISERVICIOS MANOLO, C.A.', 'J296952639', 'MARACAY', 'CALLE PRINCIPAL MANZANA 2, PARCELA NRO. 46, ZONAIN', '0244 663 20 05', 'ingmccs@hotmail.com', 1),
(722, 'SOUKI DE GUAYANA C.A. ', 'J300420132', 'PUERTO ORDAZ', 'CELL NEVERI C/C GUARIBE EDIF SOUKY PISO PB OF SOUK', '0292', '', 1),
(723, 'INBELTRA,C.A', 'J312915706', 'MARACAY', 'CONGLOMERADO INDUSTRIAL MANUEL OLIVARES BETANCOURT', '0414-3451815', '', 1),
(724, 'IMPEX, C.A.', 'J294953190', 'MARACAIBO', 'AV 4 BELLA VISTA CON CALLE 83 EDIF. CARACAS PISO 1', '0261-7937341', '', 1),
(725, 'MONTACARGAS 2000 C.A.', 'J307311827', 'VALENCIA', 'AV MICHELENA CALLE 91 Nº 86-242 EDIF. MONTACARGAS ', '0241-8578345', 'MONTACARGAS200 @CANTV.NET', 1),
(726, 'ANDRIOTIS CARS, C.A. ', 'J400348986', 'MARACAY', 'AV CONSTITUCION LOCAL NRO N -153 SECTOR SANTA ROSA', '0243', '', 1),
(727, 'IZAJE Y TRANSPORTE CARONI, C.A', 'J299343269', 'CIUDAD BOLIVAR', 'AV 17 DE DICIEMBRE CRUCE CON CALLE JON SAN MARTIN,', '0243', '', 1),
(728, 'DROGUERIA COBECA CENTRO C.A. (COBECA CENTRO)', 'J075361776', 'MARACAY', 'ZONA INDUSTRIAL LA HAMACA CALLEJON LA PAPELERA GAL', '0243-2001853', '', 1),
(729, 'LACTEOS DOÑA FLORA,C.A.', 'J400174287', 'MARACAY', 'AV 6TA. EDIF LA CARIDAD PISO 2 OF 2-2 URB LA SOLED', '0243-2000100', '', 1),
(730, 'REPUESTOS AKI - CARS, C.A.', 'J299420000', 'VALENCIA', 'CALLE 103 CON 66 NRO S/N URB INDUSTRIAL CASTILLITO', '0241-8715383', '', 1),
(731, 'H MOTORES NAGUANAGUA,C.A.', 'J316228568', 'VALENCIA', 'CALLE 178 LOCAL NRO 178-30 URB LA GRANJA. VALENCIA', '0241 200 92 00', ' gterepuestos@hmotoresnaguanagua.com', 1),
(732, 'AUTO SERVICIO, TITI C.A.', 'J000722536', 'CARACAS', 'AV FRANCISCO DE MIRANDA, BOLEITA SUR, FRENTE AL BI', '0212-239.04.53', '', 1),
(733, 'DISTRIBUIDORA AQUI KIA, C.A.', 'J314138545', 'CARACAS', 'AV. ANDRES BELLO, RES. ROBIN PB (FRENTE A LA CLÍNI', '0212-793.1006', 'aqui-kia@hotmail.com', 1),
(734, 'ALIMENTOS GELATO E CAFFE C.A. ', 'J314023691', 'MIRANDA', 'CALLE AL PAZ ESQ. CALLE COMERCIO EL HATILLO, CASA ', '0244', '', 1),
(735, 'ESTACION DE SERVICIO MARIPEREZ S R L ', 'J000795223', 'CARACAS', 'AVENIDA ANDRES BELLO, CRUCE CON AV. PRINCIPAL DE M', '0212-781.2664', 'esmariperez@hotmail.com', 1);
INSERT INTO `clientes` (`id_cliente`, `nombre`, `rif`, `ciudad`, `direccion`, `telefono`, `email`, `act`) VALUES
(736, 'LUBRICANTES REPUESTOS Y ACCESORIOS BONANZA,C.A.', 'J296541043', 'CIUDAD BOLIVAR', 'TRONCAL 10 VIA SANTA ELENA DE UAIREN KM 88 EDO BOL', '0295', '', 1),
(737, 'MANCARS 2010, C.A. ', 'J315999889', 'MIRANDA', 'AV INTERCOMUNAL GUARENAS GUATIRE FRENTE A C.C. BUE', '0212-2270750', '', 1),
(738, 'INVERSIONES RORAIMA GS, C.A.', 'J299309206', 'ARAGUA', 'AVENIDA INTERCOMUNAL LA MORA EL CONSEJO, CALLE 1 N', '0244-9960381', '', 1),
(739, 'RADIADORES Y SILENCIADORES ARAGUA S.R.L ', 'J075375483', 'ARAGUA', 'CALLE RIVAS DAVILA ESTE, LOCAL 186, SECTOR CENTRO.', '0244 3221241', '', 1),
(740, 'PETROQUIMICA DE VENEZUELA.S.A. ', 'G200001070', 'VALENCIA', 'SEDE CORPORATIVA DE PETROQUIMICA DE VENEZUELA,S.A.', '02413608756', 'JOXELY.HERNADEZ@PEQUIVEN.COM', 1),
(741, 'EQUIPOS Y MAQUINARIAS ANDUR, C.A.', 'J075830938', 'VALENCIA', 'AV RAFAEL URDANETA, LOCAL NRO 95-240. URB. FLOR AM', ' 0241 8782277', '', 1),
(742, 'RADIADORES EXPRESS,C.A. ', 'J309641484', 'MATURIN', 'AVENIDA CRUZ PERAZA FINAL CALLE 2 SECTOR ALTO GURI', '0295', '', 1),
(743, 'KIAUTO,C.A.', 'J307163801', 'CIUDAD BOLIVAR', 'AV. PASEO CARONI ESQUINA CON CALLE PRESPUNTUAL LOC', '092', '', 1),
(744, 'LICORCAIZA EXPRES,S.R.L', 'J316635201', 'CARACAS', 'AUTOPISTA PETARE GUARENAS.', '0212', '', 1),
(745, 'PATRICIA URIBE DE SANTOS ', 'E820526824', 'VALENCIA', 'URB. CAMPO ALEGRE, RESIDENCIAS ESMERALDA TORRE B A', '0241-8218379', '', 1),
(746, 'DANIEL ANTONIO ARAQUE ', 'V080054145', 'MARACAY', 'AV SANTA RITA ', '0242', '', 1),
(747, 'SERVICIOS Y REPUESTOS EL MAESTRO 2011,C.A.', 'J317531310', 'VALENCIA', 'CALLE EL CARMEN CASA NRO 08 SECTOR PUEBLO NUEVO - ', ' 0243 2632225', 'syrelmaestro@gmail.com', 1),
(748, 'CAMILO DAVID ', 'E896022', 'CIUDAD BOLIVAR', 'CALLE CANAIMA BARRIO BICENTENARIO, CASA N° 12 EN C', '0424-4501989', '', 1),
(749, 'JOSE MANUEL SANTOS CUELLAR ', 'E820327481', 'VALENCIA', 'URB. CAMPO ALEGRE RESIDENCIAS ESMERALDA TORRE B AP', '04244339551', '', 1),
(750, 'CESAR ANDRES MARTINEZ SEPULVEDA ', 'V151656915', 'CARACAS', 'AV. ORINOCO CONJUNTO RESIDENCIAL BELLO MONTE TORRE', '04142464470', '', 1),
(751, 'TB INGENIERA C.A. ', 'J307978546', 'ANACADIÑA', 'AV. JORGE RODRIGUEZ , EDIF. SUPER RENOVADORA TECNI', '0281-41803.13', '', 1),
(752, 'PSP INTERNATIONAL GROUP 3 C.A. ', 'J298677074', 'MARACAY', 'AV BOLIVAR NRO 45 SECTOR SAN JOSE MARACAY ', '0212', '', 1),
(753, 'INDUSTRIAS DIANA,C.A. ', 'G200096144', 'VALENCIA', 'AV. HENRY FORD ZONA SUR II, LOS GUAYOS MUNICIPIO V', '0258', '', 1),
(754, 'RIO ORINOCO CONCESIONARIO C.A.', 'J317191757', 'BARCELONA', 'AV JOSE RODRIGUEZ CASA GALPON NRO 1 NO APLICA SECT', '0285', '', 1),
(755, 'TRACKER AGRO INDUSTRIAL C.A.', 'J003225495', 'CARACAS', 'AV. FRANCISCO DE MIRANDA EDF. TORRE PROVINCIAL PIS', '0243-2619746', '', 1),
(756, 'PLATINUM CARS,C.A ', 'J315719380', 'PUERTO ORDAZ', 'CALLE TEREQURE C/C NEVERI EDF PLATINUM CARS PISO P', '0292', '', 1),
(757, 'CONTENEDORES DE PLASTICO CONSOLIDADO CPC. C.A. ', 'J001023992', 'LOS TEQUES', 'ZONA INDUSTRIAL LAS DOS LAGUNAS, PARCELA 22 Y 23. ', '0239-2311546/ 0243-2', '', 1),
(758, 'MULTISERVICIOS CAR-FRAN SAEZ, F.P', 'V161454130', 'VALENCIA', 'CALLE 12 CASA NO. 22 URB. PARAPARAL, LOS GUAPOS ED', ' 04264470551', '', 1),
(759, 'CENTROMOTRIZ OSHER,C.A.', 'J315572460', 'CARACAS', 'AV. CECILIO ACOSTA FINAL DE LA CALLE BOLIVAR LOCAL', '0212', '', 1),
(760, 'AUTO REPUESTOS Y ACCESORIOS SURTI-CENTRO,C.A.', 'J299046531', 'ARAGUA', 'CALLE PAEZ C/C FRANCISCO MANUEL GONZALEZ, LOCALES ', '0244 3232086', ' jjmilano@hotmail.es', 1),
(761, 'CASA DE REPUESTOS LA PRINCIPAL,C.A.', 'J298059583', 'ARAGUA', 'AV 32 LOCALES 1 Y 2, NRO 26. URB LA MORA 1, LA VIC', '02443212398', '', 1),
(762, 'LABORATORIOS REVEEX DE VENEZUELA, C.A', 'J075247450', 'MARACAY', 'AV. ANTHON PHILLIPS C/C EL CANAL.GALPON NRO 3-A ZO', '0243-5515432', '', 1),
(763, 'HAMSEN ENRIQUE SALAZAR PINTO ', 'V123427820', 'MARACAY', 'CAÑA DE AZUCAR SECTOR 6 BLOQUE 36 APTO. 03-06 MARA', '0412-8570267', '', 1),
(764, 'CONCARS, LT, CA.', 'J317267273', 'CARACAS', 'AV LA GUARITA EDIF. CONCARS PISO 1 OF 2 UBR COLINA', '04142110654', 'JEFEALMACEN@CONCARS.COM.VE', 1),
(765, 'INVERSIONES MOUNTAIN CLIMBER,C.A.', 'J315963647', 'CARACAS', 'URB. LA MORITA AV. PRINCIPAL, RES. LAS TRINITARIAS', '04148726264', '', 1),
(766, 'EMBAJADA DE BELARUS', 'G200080370', 'CARACAS', 'AV. AVELEDO QTA. CAMPANERA 3ERA CON 7MA TRANSVERSA', '0212-2392760', '', 1),
(767, 'UPATA CARS C.A', 'J295047240', 'CIUDAD BOLIVAR', 'CALLEJON INDEPENCIA SECTOR SANTO DOMINGO II UPATA ', '0292', '', 1),
(768, 'IGUANA CAR WASH, C.A. ', 'J309205099', 'VALENCIA', 'AV. DON JULIO CENTENO PARCELA 9-A . SAN DIEGO EDO ', '0241-8717462', '', 1),
(769, 'BRASERO GRILL, C.A. ', 'J313408280', 'PUERTO ORDAZ', 'AV GUAYANA EDIF. SAN MIGUEL I PISO P.B. LOCAL 07 U', '0414-8769919', '', 1),
(770, 'CONSTRUEQUIPOS FP,C.A.', 'J295211740', 'PUERTO ORDAZ', 'CALLE PHILADELPHIA N° 274 VILLA ASIANZA II PUERTO ', '0295', '', 1),
(771, 'ALGODONES VENEZOLANOS C.A. ', 'J075041569', 'VALENCIA', 'PARQUE INDUSTRIAL LA QUIZANDA EDIF. INDUSTRIAL NS ', '0241-8333779', 'compras@alve.com.ve', 1),
(772, 'INVERSIONES VR 2011,C.A.', 'J317533020', 'MARACAY', 'CALLE 10 CASA NRO 64 URB EL ORTICEÑO PALO NEGRO MA', '04145881145', '', 1),
(773, 'MULTISERVICIOS V.P.S.R.L ', 'J305246130', 'ANACO', 'CALLE LAS DELICIAS A -5 ANACO ', '0295', '', 1),
(774, 'BERMUDEZ CARLOS BERMUDEZ ', 'V082690669', 'VALENCIA', 'MARIARA ', '04248719057', '', 1),
(775, 'MONTANA GRAFICA C.A. ', 'J000256420', 'VALENCIA', 'URB. INDUSTRIAL EL BOSQUE AV. HANS NEUMANN VALENCI', '0241-613.1612', ' josefina_gonzalez@corimon.com ', 1),
(776, 'JOSE SILVIO SERRANO VARGAS ', 'V054947611', 'MARACAY', 'URB. SAN RAFAEL BLOQUE 1 APTO 00-03 MARACAY EDO AR', '0243', '', 1),
(777, 'OFICINA TECNICA INDUSTRIAL. C.A.', 'J070363525', 'MARACAIBO', 'AV. INTERCOMUNAL C.C. LA CARRETA N° 3 CIUDAD OJEDA', '02642511737', 'ofteinca2@gmail.com', 1),
(778, 'DISTRIBUIDORA Y COMERCIALIZADORA RAUL LEONI,C.A.', 'J400424755', 'CIUDAD BOLIVAR', 'AV RAUL LEONI LOCAL S/N SECTOR CENTRO, UPATA ESTAD', '0292', '', 1),
(779, 'INVERSIONES Y TRANSPORTES S. F. A , C.A ', 'J306754059', 'MARACAY', 'CALLE CARLOS BLANK NORTE EDIF. LEVIL, PISO PB LOCA', '0244', '', 1),
(780, 'QUIMICAS VICTORIA,C.A. ', 'J001242139', 'CARACAS', 'AV. ANDRES BELLO. EDIF. OLIMPO PISO 10 OFC. 37 CAR', '0244-4472855', 'compras@test.testdomain.com', 1),
(781, 'DESARROLLOS GRAN CARACAS,C.A.', 'G200088494', 'CARACAS', 'AV. MEXICO CON SUR 25, EL CONDE CARACAS DTO CAPITA', '02125034152', '', 1),
(782, 'TECNO CAMIONES ORIENTE C.A.', 'J400171075', 'PUERTO ORDAZ', 'ZONA INDUSTRIAL 321 CENTRO EMPRESARIAL RIO ARAUCA ', '0292', '', 1),
(783, 'GRASACA GRASAS SAN CARLOS, C.A. ', 'J311043314', 'BARCELONA', 'AV. PLAZA VENEZUELA, TORRE PHELPS, PISO 14 OFICINA', '0281-2768606-5113726', 'grasaca.compras@gmail.com', 1),
(784, 'INVERSIONES 080,C.A. ', 'J306772383', 'VALENCIA', 'STA. ROSA, CALLE 79-A, #96-71 VALENCIA EDO CARABOB', '0241-8355065', '', 1),
(785, 'RIO ORINOCO B2B,C.A. ', 'J400570492', 'BARCELONA', 'AV. JORGE RODRIGUEZ EDIF GALPON PISO 1 LOCAL 1 SEC', '0414-8954984', ' jose.gil@rioorinoco.com', 1),
(786, 'AUTO MUNDIAL,S.A. ', 'J000025479', 'VALENCIA', 'AUTOPISTA VALENCIA- CARACAS , DISTRIBUIDORES SAN D', '-8717308', 'repuesto@automundial.com.ve', 1),
(787, 'TRANSPACIFIC C.A.', 'J316700976', 'VALENCIA', 'AV. 64 ENTRE 97-A Y CALLE 101 LOCAL PARCELA NRO L-', '0241-8717485', 'compras@transporteonkar.com.ve', 1),
(788, 'CASA DE RADIADORES LA VICTORIA,C.A', 'J315428377', 'MARACAY', 'CALLE RIVAS DAVILA, C.C. EL AVION, LOCAL N° 4-5. L', '0414-4452411', '', 1),
(789, 'INTERAMERICANA DE RADIADORES INTERCA,C.A. ', 'J295730861', 'VALENCIA', 'AV. LISANDRO ALVARADO GALPON 124-131 LA FLORIDA ED', '0241-8354860', '', 1),
(790, 'HYPER LIDER SAN DIEGO,C.A ', 'J401131670', 'VALENCIA', 'AV. INTERCOMUNAL DON JULIO CENTENO LOCAL C.C. HYPE', '0241-', '', 1),
(791, 'JAIMINA ANTTONIETA MACHADO CABRERA', 'V237871185', 'MARACAY', 'BRISAS DEL LAGO CALLE GUARICO N° 06 MARACAY EDO AR', '243', '', 1),
(792, 'INVERSIONES LAIKEL, C.A', 'J401453562', 'MARACAY', 'CALLE ÁMBAR CADA NRO. 1 URB. VILLA LOS TAMARINDOS,', '0244 6631933', '', 1),
(793, 'TIGRE MOTOR S, S.A.', 'J306235043', 'CIUDAD BOLIVAR', 'AV. TACHIRA EDIF. TIGRE MOTOR´S PISO PB OF 1 SECTO', '0286', '', 1),
(794, 'REPUESTOS HEY INYECCION,C.A.', 'J302776171', 'CARACAS', 'AV. ANDRES BELLO EDIF. ANCESTOR PISO PB LOCAL B Y ', '0212', '', 1),
(795, 'PDVSA INDUSTRIAL, S.A. ', 'J295355971', 'CARACAS', 'CALLE EL EMPALME. EDIF. PETROLEOS DE VENEZUELA, PI', '0244-40000500', '', 1),
(796, 'CONSORCIO LYNCH,C.A. ', 'J295951574', 'VALENCIA', 'URB. COMPLEJO LOS JARALES , AV. LA PLAZA, MANZANA ', '0241-8388993', '', 1),
(797, 'TURBOMOTRIZ C.A. ', 'J075190823', 'VALENCIA', 'PROLONGACION AVENIDA LISANDRO ALVARADO, PARCELAMIE', '0241 8536647', 'turbomotriz@hotmail.com', 1),
(798, 'AZULEJOS VENEZOLANOS C.A. ', 'J312159324', 'MARACAY', 'CALLE PEÑALVER CASA NRO 34 SECTOR GUANARITO TURMER', '0244-6610022', 'azulvenca@cantv.net', 1),
(799, 'MEDITERRANEA DE ALIMENTOS,C.A. ', 'J307529547', 'MARACAY', 'AV. 2 CASA PARCELA E -53 URB INDUSTRIAL SANTA CRUZ', '0243-2616545', '', 1),
(800, 'INVERSIONES DECAR,C.A. ', 'J295901976', 'MARACAY', 'CALLE SAN IGNACIO CASA NRO 10-A SECTOR CAMPO ALEGR', '0243-2351568', '', 1),
(801, 'MULTISERVICIOS CONSOLIDADOS M.C., C.A. ', 'J295163126', 'MARACAY', 'AV CONSTITUCION ENTRE CALLES VARGAS Y MARIÑO LOCAL', '02432471703', '', 1),
(802, 'INTACA INVERSIONES TAVERA,C.A. ', 'J316365824', 'MARACAY', 'AV ARAGUA ESTE CASA NRO 224 SECTOR CENTRO MARACAY ', '0243-', '', 1),
(803, 'REPUESTO EUROPA MG,C.A ', 'J400639409', 'MARACAY', 'AV ARAGUA LOCAL NRO 140. BARRIO ANDRES ELOY BLANCO', '0243', '', 1),
(804, 'REPRESENTACIONES YAVICTER 2011,C.A. ', 'J299728098', 'CARACAS', 'CALLE EL BOSQUE ENTRE LA FRANCESA Y LA REDOMA CASA', '0212-', 'chiqui631@gmail.com', 1),
(805, 'EUROMAXX PLUS,C.A.', 'J298473290', 'MARACAY', 'AV. ARAGUA PROLOGACION CC CELTI CENTER NIVEL PLANT', '0241-', '', 1),
(806, 'ULSAN MOTOR´S, C.A. ', 'J303509436', 'CIUDAD BOLIVAR', 'CALLE CAICARA EDIF HYUNDAI PISO N/A OF S/N SECTOR ', '0285', '', 1),
(807, 'AUTOREPUESTOS ALSPEEDO,C.A. ', 'J298648775', 'MARACAY', 'AV. ARAGUA C/ NEGRO PRIMERO LOCAL NRO 96-A URB. AN', '0243-2349413', 'repuestosalm@yahoo.com', 1),
(808, 'HERMANN SANCHEZ OJEDA ', 'V072386031', 'VALENCIA', 'CTRA NACIONAL MARIARA MARACAY CASA NRO. 67 SECTOR ', '02438084587', '', 1),
(809, 'RADIADORES LA JULIA 3000,C.A.', 'J299445398', 'MARACAY', 'CALLE PRINCIPAL NRO 32 SECTOR LA JULIA MARACAY ', '04141445929', '', 1),
(810, 'AUTO REPUESTOS SHELBY III,C.A.', 'J401378188', 'MARACAY', 'CALLE SAN MIGUEL ENTRE CARABOBO Y LIBERTAD LOCAL N', '0243-5535004', '', 1),
(811, 'AUTOREPUESTOS SABANA LARGA,C.A. ', 'J306166785', 'MARACAY', 'AV. SABANA LARGA LOCAL NRO 26 ZONA CENTRO DE CAGUA', '0243', '', 1),
(812, 'SUMINISTROS CAJIGAL TC,C.A. ', 'J295776438', 'MARACAY', 'CALLE CAJIGAL 102-13-08 LOCAL NRO 02 SECTOR CENTRO', '0244-3963858', '', 1),
(813, 'METAL MECANICA CAJIGAL,C.A.', 'J301260031', 'MARACAY', 'CALLE CAJIGAL SECTOR BARRANCON CASA N° 13-09 CAGUA', '0244-4477071', '', 1),
(814, 'DISTRIBUIDORA VICPRAX,C.A. ', 'J294934978', 'MARACAY', 'CALLE CALLE 1, PARCELA MACRO, SOLUCION MODULAR N° ', '0243-', '', 1),
(815, 'LA CASA DEL KIA C.A. ', 'J310931682', 'MARACAY', ' AV. 19 DE ABRIL C/C SUCRE NORTE LOCAL NRO 37 URB.', '0243-2326680', '', 1),
(816, 'INVERSORA GALAXY 2011,C.A. ', 'J400019451', 'MARACAY', 'AV. LOS CEDROS LOCAL NRO 193 -B SECTOR LOS CEDROS ', '0243', '', 1),
(817, 'INVERSIONES ARIBA 2011,C.A. ', 'J317632494', 'MARACAY', 'AV. PRINCIPAL QUINTA AV. LOCAL PLANTA ALTA NRO 28-', '0243', '', 1),
(818, 'ELECTRO OMEGA C.A. ', 'J000535108', 'CARACAS', 'CALLE LA PRADERA EDIF. GALPON 1-2 PISO PB LOCAL GA', '0212-2569891', 'danielaferrari72@gmail.com', 1),
(819, 'COMERCIALIZADORA R. GOMEZ,C.A. ', 'J313136778', 'VALENCIA', 'CALLE 101 ENTRE AV 68 Y 70 CC LIGIANA NIVEL 1 LOCA', '0241', '', 1),
(820, 'EBERTS RAMON CAMACHO LIENDO ', 'V050904950', 'MIRANDA', 'AV. PRINCIPAL - EDIF. SOL DE ORO II - PISO 5 APTO ', '0414-2362612', '', 1),
(821, 'INVERSIONES Y LUBRICANTES OFF-ROAD, C.A. ', 'J317311116', 'MARACAY', 'AV. INTERCOMUNAL TURMERO MARACAY LOCAL NRO 20-2 SE', '0243-2679562', '', 1),
(822, 'TOYOGUARICO N.P.A,C.A.', 'J400611946', 'SAN JUAN DE LOS MORROS', 'AV. FELIPEZ ACOSTA CARLES LOCAL NRO S/N SECTOR LA ', '0243', 'servicio@toyoguarico.com.ve ', 1),
(823, 'AUTO LAVADO LA BALLENA AZUL, C.A ', 'J311637575', 'MARACAY', 'AV. DR MONTOYA C.C DIGA CENTER NRO NO INDICA SECTO', '0243 2695980', '', 1),
(824, 'SUPER AUTOS CARABOBO,C.A. ', 'J304719981', 'VALENCIA', 'AV. CUATRICENTENARIA EDIF. SUPER AUTOS PISO PB LOC', '0241-2009600', '', 1),
(825, 'L.B. AUTOS, C.A. ', 'J308658219', 'MARACAY', 'AV. ARAGUA OESTE EDIF. L.B. AUTOS ZONA INDUSTRIAL ', '04243809471', 'postventa@lbautos.com', 1),
(826, 'DISTRIBUIDORA DE RADIADORES EL ESTAÑO II,C.A.', 'J298771429', 'VALENCIA', 'AV. INDUSTRIAL I C/C HENRY FORD CC POLIGONO INDUST', '0241-8345915', '', 1),
(827, 'DAVID ANTONIO MARTINEZ TACOA', 'V119876199', 'MARACAY', 'CALLE 2 PARCELA NRO 116 SECTOR SIMON BOLIVAR, SAN ', '0243', '', 1),
(828, 'PDVSA PETROLEO,S.A.', 'J001230726', 'CARACAS', 'EDIFICIO PETROLEOS DE VENEZUELA, TORRE ESTE, P.H.,', '02455915421', '', 1),
(829, 'JOSE GREGORIO VILLAMIL', 'V096438644', 'CIUDAD BOLIVAR', 'LOS PIJIGUAOS EDO BOLIVAR ', '024', '', 1),
(830, 'LUBO, COMPAÑIA ANONIMA (LUBOCA)', 'J295024690', 'MARACAIBO', 'CALLE 114 N° 1404000 SECTOR LOS ROBLES MARACAIBO E', '0243', '', 1),
(831, 'CURTIDOS LAS VEGAS C.A. ', 'J309382080', 'MARACAY', 'PROLONGACION CALLE PROVIDENCIA, GALPON N° 601, ZON', '0244-3956565', '', 1),
(832, 'ADRIANA YSABEL SANCHEZ MARTINEZ', 'V121376101', 'MARACAY', 'URB. FUNDACION MARACAY II EDIFICIO 24 APTO. 37 MAR', '0243', '', 1),
(833, 'M G IMPORT- LA 24 C.A ', 'J299456403', 'ACARIGUA', 'CALLE 24 ENTRE AV. 36-37 SECTOR REJAS DE GUANARE A', '0255-6222814', '', 1),
(834, 'ASOCIACION CIVIL CONDOMINIO CENTRO COMERCIAL MARACAY PLAZA ', 'J317283350', 'MARACAY', 'AV. BERMUDEZ C/C AV. ARAGUA MARACAY EDO ARAGUA.', '0243-2359461', 'cccmaracayplaza@gmail.com', 1),
(835, 'TOCOMA TRUCKS,C.A. ', 'J293621364', 'CIUDAD BOLIVAR', 'AV. PRINCIPAL DE UNARE, LOCAL GALPON TOCOMA TRUCKS', '0292', '', 1),
(836, 'DOMINGUEZ CONTINENTAL,S.A. ', 'J002138211', 'CARACAS', 'AV. SAN JUAN BOSCO ENTRE 2DA Y 3RA TRANSVERSAL EDI', '0251 2690522', ' jrortizg@gmail.com', 1),
(837, 'LEO CAUCHO C.A.', 'J075582985', 'MARACAY', 'AV.PRINCIPAL LA COOPERATIVA C/C GENERAL ZARAZA N° ', '02432414284', '', 1),
(838, 'PINTURAS FLAMUKO DEPOSITO GUAYANA,C.A. ', 'J304020724', 'PUERTO ORDAZ', 'CALLE TUNAPUY LOCAL GALPON S/N ZONA INDUSTRIAL UNA', '0292', 'pinturas_flamukodgca@cantv.ne', 1),
(839, 'KOBUN C.A. ', 'J306746625', 'MARACAY', 'AV. PRINCIPAL ZONA INDUSTRIAL SOCO LA VICTORIA EDO', '0244', '', 1),
(840, 'COMPAÑIA ANONIMA PROCESADORA OROPAL ', 'J312192070', 'MARACAY', 'AV ANDRES BELLO LOCAL NRO 87 ZONA INDUSTRIAL LAS T', '0244', '', 1),
(841, 'ENVASES ARAGUA MAV C.C.S. ', 'J001271759', 'MARACAY', 'AV. EUGENIO MENDOZA, URB. LA CASTELLANA, EDIF. MUL', '0243-2466311', '', 1),
(842, 'CARIBBEAN PLASTIC C.A ', 'J311312650', 'CARACAS', 'EDIFICIO BETOMIX 3ER PISO PALO VERDE PETARE CARACA', '0212-5321165', 'aizenjacobo2@gmail.com', 1),
(843, 'INVERSIONES AVENIDA 99, CA', 'J401254489', 'MARACAY', 'AV. 99 EDIF. 98 PISO PB LOCAL PB-B URB LA BARRACA ', '0243', '', 1),
(844, 'CENTRO MEDICO MARACAY, C.A. ', 'J075121503', 'MARACAY', 'AV. LAS DELICIAS EDIF. CENTRO MEDICO PISO S/ MARAC', '0243-2313650.3281146', '', 1),
(845, 'INVERSIONES Y DISTRIBUCIONES RS 2015, C.A. ', 'J406617725', 'VALENCIA', 'AV. LAS AMERICAS EDIF LOS GERANIOS 2 PISO 4 APT 4-', '0255', 'distribuidorarcmobil@gmail.com', 1),
(846, 'INDUSTRIAS Q PRODUCTOS S.A. ', 'J309229451', 'ARAGUA', 'AV. 2 PARCELA G -13 ZONA INDUSTRIAL SANTA CRUZ DE ', '0243-2619814', '', 1),
(847, 'LUBRICANTES Y FILTROS SAN EXPEDITO, C.A', 'J400448778', 'ARAGUA', 'AV. PRINCIPAL DEL MILAGRO LOCAL 144 -146 BARRIO EL', '0243', 'LUBFILSANEXPEDITO@HOTMAIL.COM', 1),
(848, 'DE FRANCA INYECCION Y REPUESTOS EN GENERAL, C.A. ', 'J293986559', 'MARACAY', 'AV. LISANDRO HERNANDEZ C/C EZEQUIEL ZAMORA NRO. 50', '04140354813', '', 1),
(849, 'TEMPERATURA BAJO 0. C.A.', 'J402197110', 'CIUDAD BOLIVAR', 'AV. MANUEL PIAR MANZANA 19 - LOCAL SECTOR UD-113 B', '0293', '', 1),
(850, 'ELECTROMOTRIZ EL RAYO, C.A', 'J296322473', 'MARACAY', 'CALLE GUAICAIPURO CASA NRO 64. LA BARRACA. FRENTE ', '0243-2330065', '', 1),
(851, 'RADIADORES LOS MORROS, C.A', 'J402676646', 'MARACAY', 'CALLE PEREZ BONALDE LOCAL 4-A SAN JUAN ', '0426-5402195', 'radiadoreslosmorros@hotmail.com', 1),
(852, 'REPRESENTACIONES HAYDEAVENCA, C.A.', 'J003204595', 'MARACAY', 'AV. INTERCOMUNAL TURMERO MARACAY PARCELA LOCAL NRO', '0243-26932744', '', 1),
(853, 'COMPRESORES ROTATIVOS VENEZOLANOS S.A', 'J075214870', 'MARACAY', 'ZONA INDUSTRIAL SAN VICENTE IIIAV. A ENTRE CALLES ', '0243-5516385', '', 1),
(854, 'AUTOMOTRIZ MM,C.A.', 'J401918468', 'MARACAY', 'AV. CONSTITUCION OESTE C/C RIO GUEY LOCAL N° 36 SE', '0243-5547921', 'automotrizmmca@gmail.com', 1),
(855, 'AUTOSERVICIOS VIANVIR S R L', 'J002156945', 'CARACAS', 'AV. PRINCIPAL DE CHUAO C/C AMAZONAS E/S TEXACO CAR', '0212-9934530', '', 1),
(856, 'DILER C.A.', 'J309817779', 'MARACAY', 'CALLE PAEZ 135-1 SECTOR CENTRO LA VICTORIA ', '0241-3225065', 'diler.am@hotmail.com', 1),
(857, 'SOLOHONDA, C.A.', 'J315265176', 'VALENCIA', 'AV. PRINCIPAL LAS CHIMENEAS CC LAS CHIMENEAS NIVEL', '0241-8431330', ' liviabrachoc@hotmail.com', 1),
(858, 'LUBRICANTES SANTA CRUZ, C.A', 'J297919341', 'MARACAY', 'AV. BOLIVAR ENTRE FEDERICO VILLENAS Y ORIENTE SANT', '0243', '', 1),
(859, 'INREMA, C.A.', 'J308506800', 'MARACAY', 'CTRA TRONCAL 5 VÍA BARINAS-GUASIMITOS, EDIF INREMA', '2455155172', '', 1),
(860, 'OIL FILTER, C.A', 'J293658012', 'MARACAY', 'AV.INTERCOMUNAL SANTIAGO MARIÑO C/C C/ ESPERANZA C', '0243-2695735', '', 1),
(861, 'MANUEL ANTONIO SEQUERA GUEDES', 'V036589252', 'CARACAS', 'AV LIBERTADOR, CRUCE CON AV PRINCIPAL DE MARIPEREZ', '0424-1241604', '', 1),
(862, 'SENDERKIA C.A', 'J294812880', 'MARACAY', 'AV. BOLIVAR OESTE N° 105-107-109-111 SECTOR CENTRO', '0243-2010040', '', 1),
(863, 'INVERSIONES Y TRANSPORTE YANCARS, C.A. ', 'J401393136', 'MARACAY', 'CALLE PAEZ ESTE LOCAL PLANTA BAJA N°133, SECTOR CE', '0244', '', 1),
(864, 'CONSTRUCCIONES SILVERA) SILVERA MONCADO ORLANDO RAFAEL', 'V085586285', 'MARACAY', 'CALLE RODRIGUEZ VISO N° 17-1 B/SAN RAFAEL MARACAY ', '0243', '', 1),
(865, 'BAZAR Y QUINCALLERIA LA ENCRUCIJADA C.A.', 'J311967672', 'MARACAY', 'CTRA. AUTOPISTA REGIONAL DEL CENTRO UNICO SECTOR L', '0414-4922565', '', 1),
(866, 'JOSE RAUL MENDOZA QUEVEDO (RADIADORES EL GRAN AUTENTICO,F.P)', 'V126124151', 'MARACAY', 'AV INTERCOMUNAL N6 SECTOR LA JULIA DETRÁS DE REMAV', '04141471780', '', 1),
(867, 'AMALGAMATED LABORATORIES INC', '2965 W OSBOR', 'MARACAY', '2965 W OSBORN RD PHOENIX, AZ 85017', '(602) 252-0280', '', 1),
(868, 'MARKAJE DIESEL, C.A.', 'J316816397', 'SAN JUAN DE LOS MORROS', 'CTRA NACIONAL VIA SAN JUAN DE LOS MORROS LOCAL PAR', '0244-3368663', '', 1),
(869, 'LUBRICANTES Y AUTOPERIQUITOS EL NAZARENO, C.A', 'J294097995', 'SAN JUAN DE LOS MORROS', 'AV. LISANDRO HERNANDEZ C/C JAIME BOSCH CASA NRO 28', '02443864414', '', 1),
(870, 'GILMONCH VIZCAYA , YOHAN JOSE ', 'V208183318', 'MARACAY', 'CALLE LA ROMANA CASA NRO 23 SECTOR ROMANA ', '0243', '', 1),
(871, 'INVERSIONES SPAGNOLO C.A', 'J310659621', 'MARACAY', 'CALLE PICHINCHA SUR CASA N° 60 SANTA ROSA MARACAY ', '0243', '', 1),
(872, 'SUMO TRUCK CENTER, C.A. ', 'J311514821', 'MARACAY', 'AV. PPAL DE SAN AGUSTIN LOCAL N°19 SAN AGUSTIN, MA', '0243-2332185', '', 1),
(873, 'ESTACION DE SERVICIO SANTA RITA C.A', 'J303090745', 'MARACAY', 'AV. FRANCISCO DE MIRANDA LOCAL 113 SECTOR SANTA RI', '0243', '', 1),
(874, 'LUBRICANTES DE MARCA, C.A.', 'J312411279', 'MARACAY', 'CARRETERA NACIONAL TURMERO- MARACAY LOTE 2 PARCELA', '0244-6333667', '', 1),
(875, 'MORA RADIADORES, C.A', 'J297972200', 'MARACAY', 'AV PRINCIPAL DE COROPO LOCALNRO 74 SECTOR RUIZ PIN', '243', '', 1),
(876, 'CATHEQUIM C. A', 'J298472057', 'YARACAL', 'AV. SORTE HOMBRILLO NORTE LOCAL GALPON CATHEQUIM S', '0251-8830235', '', 1),
(877, 'SERVIPLANTAS J. FIGUEROA C.A.', 'J300023273', 'CARACAS', 'URB DELGADO CHALBOUD VEREDA 62 CASA NRO.19, COCHE,', '04166272812', '', 1),
(878, 'TRACTO AGRO BARQUISIMETO C.A.', 'J401371990', 'BARQUISIMETO', 'AV.PEDRO LEON TORRES CON CALLE, 54 EDIF. TRACTO AG', '0251-514.03.35', 'gterepuestos@tractoagrobarquisimeto.com', 1),
(879, 'HYPER LIDER YARITAGUA, C.A ', 'J402174160', 'YARITAGUA', 'CTRA AUTOPISTA C.O CIMARRON ANDRESOTE LOCAL S/N° S', '0241', '', 1),
(880, 'COMERCIAL MOLANO" COMPAÑIA ANONIMA', 'J312845732', 'PUERTO ORDAZ', 'URB. BICENTENARIO CALLE CANAIMA "A NUMERO 14. ', '0241', '', 1),
(881, 'MULTISERVICIOS MASTER LUB, C.A.', 'J298379480', 'MARACAY', 'URB. SANTA ANA AV FUERZA AEREA LOCAL 20-A MARACAY ', '0243-2359746', '', 1),
(882, 'GRABADOS NACIONALES, C.A.', 'J000175373', 'MARACAY', 'AV. PPAL SOCO, URB. INDUSTRIAL SOCO, PARCELAS 03-0', '02443220285', '', 1),
(883, 'PS AUTO CARACAS, S.A', 'J313987441', 'CARACAS', 'AV. VENEZUELA QTA LA CUADRA URB. EL ROSAL. CARACAS', '0212-2005684', '', 1),
(884, '"RACING, C.A."', 'J313677760', 'MARACAY', 'CALLE 86 LOCAL 24-1 SECTOR INDEPENDENCIA. FRENTE A', '0243-2370843', '', 1),
(885, 'PRODUCTOS QUIMICOS ZOAROMA CA', 'J301128869', 'MIRANDA', 'ZONA INDUSTRIAL LA CUMACA FINAL AV, LOS CAPRILES C', '0212- 391.17.19', 'jmata@zoaroma.com', 1),
(886, 'NAYLA DELI LEDEZMA VILLAMIZAR', 'V161330163', 'VALENCIA', 'AV. LIBERTAR N°80 CARRETERA NACIONAL MARIARA EDO C', '0243', '', 1),
(887, 'DILIA JOSEFINA RODRIGUEZ ACOSTA', 'V069350948', 'VALENCIA', 'URB LA PRADERA GUACARA EDO CARABOBO', '0241', '', 1),
(888, 'H.MOTORES VALENCIA, C.A.', 'J302006236', 'VALENCIA', 'AV. ANDRES ELOY BLANCO, LOCAL H MOTORES VALENCIA .', '0241-', '', 1),
(889, 'INVERSIONES COCHE PRIX, MARACAY, C.A', 'J402396228', 'MARACAY', 'AV INTERCOMUNAL SANTIAGO MARIÑO GALPON PARACELA N°', '0243-2690734', '', 1),
(890, 'CITY MOTORS, C.A ', 'J308201308', 'CIUDAD BOLIVAR', 'AV. REPUBLICA CON AV. MENCA DE LEONI EDIF. CITY MO', '0285', '', 1),
(891, 'TOYOGUAYANA, C.A', 'J095100227', 'CIUDAD BOLIVAR', 'AV. REPUBLICA CRUCE CON CALLE VIDAL, CIUDAD BOLIVA', '02856546078', '', 1),
(892, 'AUTO REPUESTOS EL MACARO, C.A.', 'J075429907', 'MARACAY', 'CTRA TURMERO MARACAY PARCELA 26 SECTOR EL MACARO, ', '0243-638764', '', 1),
(893, 'ALIMENTOS LAGUNITA CARABOBO, C.A', 'J003650285', 'VALENCIA', 'CARRETERA NACIONAL TOCUYITO / BEJUMA SECTOR LAGUNI', '02414121326', 'alilca.mantenimiento@gmail.com', 1),
(894, 'AUTO ACCESORIOS COCHE ARAGUA PRIX, C.A. ', 'J307605855', 'MARACAY', 'AV INTERCOMUNAL MARACAY TURMERO CC COCHE ARAGUA NI', '0243-2694257', '', 1),
(895, 'ORGANIZACION COMERCIAL AUTO REPUESTOS OCAR, C.A. ', 'J000825327', 'CARACAS', 'AV. FRANCISCO DE MIRANDA CON AV . LAS PALMAS LOCAL', '0212', '', 1),
(896, 'PROCESADORA MAVAN, C.A. ', 'J310796220', 'ARAGUA', 'AV. INTERCOMUNAL SANTIAGO MARIÑO, PARCELA N°22 GAL', '0243-2693297', '', 1),
(897, 'DOMINGUEZ Y CIA, S. A.', 'J001169385', 'BARQUISIMETO', 'AV. SAN JUAN BOSCO, ENTRE 2DA Y 3ERA TRANSV. EDIF.', '0251-2692549', 'dom.milasuarez@gmail.com', 1),
(898, 'POLICLINICA SANTA ROSA C.A.', 'J075344103', 'ARAGUA', 'CALLE SAN MIGUEL CASA N° 39 URB SANTA ROSA MARACAY', '0243-5530521', '', 1),
(899, 'BOHIO S TASCA RESTAURANTE, C.A.', 'J298531401', 'CIUDAD BOLIVAR', 'URBANIZACION VISTA HERMOSA, AV. ROTARIA, CALLE # 1', '0286-9521030', 'braserogrillca@cantv.net', 1),
(900, 'REPUESTOS AGUARO, C.A. ', 'J295376804', 'ARAGUA', 'CALLE CAMPO ELIAS ENTRE BOLIVAR Y MIRANDA EDIF SAL', '02435113858', '', 1),
(901, 'AUTO TOURING C A ', 'J302646383', 'MARACAY', 'AV BOLIVAR ESTE LOCAL NRO 258 URB. LA BARRACA MARA', '0243-2333063', '', 1),
(902, 'TRANSGAS C A', 'J301578724', 'EL VIGIA', 'CALLE 26 ENTRE AVS. 3 Y 4 EDIF. BUSGAS, PISO PB. O', '04247510631', 'carlosbusgas@hotmail.com', 1),
(903, 'LUBRIFIL LOS CEDROS, C.A', 'J297256806', 'MARACAY', 'AV LOS CEDROS LOCAL N 63. SECTOR LOURDES', '0243-2452937', '', 1),
(904, 'FARID ALBERTO GUBAIRA RIVERO', 'V173148379', 'VALENCIA', 'URB. CAMPO ALEGRE RESIDENCIAS ESMERALDA TORRE B AP', '0241', '', 1),
(905, 'ARMANDO JOSE PEÑARANDA', 'V021296925', 'MARACAY', 'URB. ANDRES BELLO CALLE VICENTE LECUNA CASA 131 MA', '0243-2411161', '', 1),
(906, 'GRUPO LA RUEDA,C.A. ', 'J304423918', 'TURMERO', 'AV INTERCOMUNAL TURMERO MARACAY LOCAL N 4 SECTOR L', '0244-6635626', '', 1),
(907, 'INDUSTRIAS PLASTIC CORP, C.A', 'J312042885', 'MARACAY', 'CALLE ROMA GALPON N° 09 ZONA INDUSTRIAL SOCO VICTO', '02443231950-3214432', '', 1),
(908, 'INVERSIONES DINO DP, C.A', 'J402321422', 'MARACAY', 'CALLE CAMPO ELIAS, EDIF. SALERMO LOCAL NRO 1- A UR', '02435510095', '', 1),
(909, 'CARLOS ENRIQUE BELLO BORDONES', 'V071382652 ', 'VALENCIA', 'AV. FEO LA CRUZ BONAVENTURE HOME VALENCIA EDO CARA', '0414-4202138', '', 1),
(910, 'EQUISET SERVICIOS, S.A', 'J299172758', 'CARACAS', 'AV. PPAL. DE EL BOSQUE, TORRE CREDICARD PISO OFIC.', '02129516001', 'compras@essaven.com', 1),
(911, 'DIOSELINA ACEVEDO', 'V248151630', 'ARAGUA', 'AV. LA COOPERATIVA CALLE EL ROSAL N° 103 SECTOR LO', '0414-04244339551', '', 1),
(912, 'AGROSERVICIOS FORESTALES, C.A.', 'J298998660', 'MARACAY', 'AV. AGUSTIN ALAVAREZ RESIDENCIAS PARQUE CHORONI II', '04145622079', '', 1),
(913, 'I.T.F, C.A', 'J316701069', 'VALENCIA', 'CALLE SEGUNDA TRANSVERSAL DE LA URBANIZACION INDUS', '0414-4068787', '', 1),
(914, 'PHARSANA DE VENEZUELA C A', 'J000886440', 'VALENCIA', 'CR VIA FLOR AMARILLO EDIF. CHICCO URB. INDUSTRIAL ', '02435515586', '', 1),
(915, 'CONSTRUCCIONES ROELI C.A', 'J002155922', 'CARACAS', 'CENTRO PLAZA, TORRE B, PISO 14, OFICINA F, LOS PAL', '0212-2839975', 'roeli@cantv.net', 1),
(916, 'LUBRI-EXPERTA C.A', 'J296362521', 'MARACAY', 'AV. ARAGUA CC DIAGONAL AL C.C. MARACAY NIVEL P/B L', '0243-2184433', '', 1),
(917, 'CORREAS Y MANGUERAS INDUSTRIALES C A', 'J075435770', 'MARACAY', 'AV. MIRANDA ESTE N° 148-8 MARACAY EDO ARAGUA ', '0243-2330175', '', 1),
(918, 'CAFIMES C.A.', 'J402248091', 'ARAGUA', 'AV. CIRCUNVALACION CON AV SIMON ROGUEZ LOCAL NRO 1', '0243-2187713', 'cafimesca@gmail.com', 1),
(919, 'MULTISERVICIOS EL TRIANGULO, C.A', 'J295584857', 'MARACAY', 'AV.CIRCUNVALACION C/C AV. ARAGUA NRO 262 URB. EL P', '0243-2638113', '', 1),
(920, 'ELECTROTECNICA SAQUI C A', 'J000913773', 'CARACAS', 'AV ROMULO GALLEGOS EDIF TORRE KLM PISO 09 OFIC 09 ', '0212.285.56.18 ', 'saquicaujarito@outlook.com', 1),
(921, 'RAVAKER C.A.', 'J307618450', 'MARACAY', 'AV. BOLIVAR MINI CENTRO COMERCIAL BOLIVAR NRO 3 SE', '0243-2619743', '', 1),
(922, ' RAYCAR, C.A', 'J402253214', 'MARACAY', 'AV. ARAGUA LOCAL N° 284 SECTOR ANDRÉS ELOY BLANCO ', '0243-2361441', '', 1),
(923, 'FRANKLIN A. GONZALEZ R. ', 'V072456676', 'MARACAY', 'CALLE LA COOPERATIVA, LOCAL N° 67, SECTOR 23 DE EN', '0414-4548930', '', 1),
(924, 'CAMBIO DE ACEITE EL NATIVO 2000, C.A.', 'J307148020 ', 'MARACAY', 'AV CIRCUNVALACION CALLE PORTILLITO LOCAL 277 SAN J', '0243-2342724', '', 1),
(925, 'CAMBIO DE ACEITE EL NATIVO J&J, C.A', 'J317591852', 'MARACAY', 'AV CONSTITUCION LOCAL NRO 189 BARRIO BELEN MARACAY', '0243-2320678', '', 1),
(926, 'SAID DANIEL HERNANDEZ SIMOZA', 'V127084013 ', 'MARACAY', 'URB. CAÑAVERAL, CALLE 01,# 02, LA VICTORIA EDO ARA', '0244', '', 1),
(927, 'NELSON ANTONIO LUZARDO SANDREA', 'V097411286', 'MARACAIBO', 'LOS PUERTOS ALTA GRACIA MUNICIPIO MIRANDA EDO ZULI', '0412415239', '', 1),
(928, 'MIGUEL ANGEL SIRA FLORES', 'V176817166', 'VALENCIA', 'LAS CHIMENEAS VALENCIA EDO CARABOBO', '0241', '', 1),
(929, 'CONKRETOS, S.A.', 'J317088026', 'CIUDAD BOLIVAR', 'CTRA NACIONAL UPATA GUASIPATI CASA S/N SECTOR LA R', '0285-', '', 1),
(930, 'TOYO GIL PUERTO ORDAZ, C.A.', 'J305511896', 'CIUDAD BOLIVAR', 'AV. NORTE SUR 4 UNARE 2 PUERTO EDO BOLIVAR ', '0285', '', 1),
(931, 'CORPORACION AUTOMOTRIZ Z.G.T.C.A', 'J296576963', 'MARACAY', 'CALLE B-3, LOCAL PARCELA NRO 71,73 Y F-28 URB INDU', ' 0244-3341072/0244-3', '', 1),
(932, 'ROMERO CARDINALE ESPINOSO', 'V068209460', 'MARACAY', 'AV. PRINCIPAL SAN VICENTE II GALPON N° 35 MARACAY ', '0414-1191427', '', 1),
(933, 'FABRAS CHEMICAL S A', 'J300587886', 'CARACAS', 'AV. ROOSEVELT GALPON N° 5 PRADO MARIA - CARACAS', '0241-', '', 1),
(934, 'SUPER CAMIONES ARAGUA C.A', 'J313759066', 'MARACAY', 'CTRA NAC. CAGUA - LA VILLA DE CURA C/C 1RA TRANSVE', '+58 245-4002.637', '', 1),
(935, 'DISTRIBUIDORA DE PRODUCTOS DIESEL, C. A. ("DIPRODIESEL,C.A.")', 'J090291903', 'SAN CRISTOBAL', 'AV. ROTARIA CON AVENIDA URBANIZADORA DOÑA MATILDE ', '58 245-4002.637', '', 1),
(936, 'MACK ORIENTE, S.A.', 'J295207131', 'BARCELONA', 'CTRA PRINCIPIAL EDF. MACK PISO S/N LOCAL S/N SECTO', '58 2454002.637', ' jholman.maldonado@grupomackvolvo.com', 1),
(937, 'MACK OCCIDENTE, C.A.', 'J298422831', 'BARQUISIMETO', 'CR 6 ESQUINA CALLE 7 LOCAL NRO S/N NO APLICA ZONA ', '0245-4002.637', '', 1),
(938, 'DISTRIBUIDORA MACK CENTRO C.A', 'J293513782', 'VALENCIA', 'CR NACIONAL LOS GUAYOS LOCAL 6-C SECTOR LAS GARCIT', '0245-4002.637', ' jholman.maldonado@grupomackvolvo.com', 1),
(939, 'ERNESTO JOSE SIRA FLORES', 'V139005860', 'VALENCIA', 'URB LAS CHIMENEAS VALENCIA ', '0241', '', 1),
(940, 'SUPERMERCADO LA NUEVA HONG KONG COMPAÑIA ANONIMA', 'J306538240', 'CIUDAD BOLIVAR', 'AV. RAUL LEONI FRENTE AL BANCO DEL SUR. UPATA EDO ', '0288-2211341', '', 1),
(941, 'RUSTIPOWER, CA', 'J297818472 ', 'CARACAS', 'AV. WASHINGTON QTA VILLA TERESA NRO S/N URB EL PAR', '0212-452.12.09', 'yenny.abreu@rustipower.com', 1),
(942, 'INVERSIONES NAY-STAL, C.A.', 'J400883911', 'MARACAY', 'CALLE EL MAMON CASA NRO 31 SECTOR I, CAMPO ALEGRE ', '0243-2721165', '', 1),
(943, 'IMPORTADORA Y REPUESTOS EL ALBA 2014, C.A.', 'J404227377', 'MARACAY', 'CALLE JJ MONTESINOS CASA NRO 221 URB PIÑONAL MARAC', '0243-2362534', '', 1),
(944, 'REPUESTOS CARABOBO, C.A.', 'J307606967', 'MARACAY', 'AV LOS CEDROS LOCAL NRO 111 UBR SAN IGNACIO MARACA', '0243-2475198', '', 1),
(945, 'TOYO-AMERICA,C.A.', 'J299486078', 'PUERTO ORDAZ', 'CR GURI CON CALLE ARO, PARCELA 264-0314 EDO BOLIVA', '0285-', '', 1),
(946, 'TOYUPATA C A', 'J095146154', 'CIUDAD BOLIVAR', 'KM. 1 VIA GUASIPATI - UPATA- ESTADO BOLIVAR ', '0288-2213144', 'repuestostoyupata@gmail.com', 1),
(947, 'AUTOMAQUINARIAS NAITEX C.A.', 'J095057313', 'CIUDAD BOLIVAR', 'CARRETERA GUASIPATI KM 1 EDO BOLIVAR ', '0288', '', 1),
(948, 'VENEQUIP S.A.', 'J304780869', 'CIUDAD BOLIVAR', 'CALLE 33 CON CARRERA 4, EDIF VENEQUIP ZONA IND I- ', '0288', 'abchavez@venequip.com', 1),
(949, 'HEVI,S.A.', 'J313033278', 'ARAGUA', 'CTRA NACIONAL CAGUA SAN MATEO LOCAL CENTRO IND SEU', '0244 3961765', '', 1),
(950, 'VEHICULOS MAZDA DE VENEZUELA C A ', 'J300404579 ', 'VALENCIA', 'AV.97 SALVADOR FEO LA CRUZ CC CONJUNTO ARQUITECTON', '02413006811', '', 1),
(951, 'TOYOPRIMIUM, C.A', 'J315985616', 'PUERTO CABELLO', 'AV LA PAZ EDIFICIO TOYOPRIMIUN URBANIZACIÓN LA SOR', '0414-0419861', '', 1),
(952, 'AUTOCAMIONES FEDERAL C.A. ', 'J310995389', 'CARACAS', 'AV. NUEVA GRANADA ENTRE TAMAYO Y EL INCES CARACAS.', '021263302.', 'canzola@autocamionesfederal.com', 1),
(953, 'ESTUDIOS Y SUMINISTROS INDUSTRIALES, C.A', 'J075397053', 'MARACAY', 'CL. 1, EDIFICIO CONGLOMERADO M OLIVARES, LOCAL B-1', '0243-5515191', '', 1),
(954, 'DIVERSION EN GRANDE, C.A.', 'J310605661', 'VALENCIA', 'AV. PRINCIPAL DE MAÑONGO LOCAL NRO 175-505 URB MAÑ', '0241-8428907', '', 1),
(955, 'LA DIGA CAFÉ C.A.', 'J400677190', 'CARACAS', 'AV. PRINCIPAL FRANCISCO DE MIRANDA, FRENTE AL BING', '0212', '', 1),
(956, 'TOYO CENTRO VENTA DE VEHICULOS Y REPUESTOS C A', 'J002581271', 'CARACAS', 'AV SUR 4 EDIF. IMPERIAL QUINTA CRESPO, CARACAS', '0212-4848531', 'repuestos@toyocentro.com', 1),
(957, 'TALLER DINOMOTORS, C.A ', 'J400192080', 'MARACAY', 'CALLE CARABOBO C/C CAJIGAL, SECTOR LA DEMOCRACIA, ', '(58) 412-8567113', 'kelvin.escalona@tallerdinomotors.com.ve', 1),
(958, 'DISTRIBUIDORA DH VITAL C.A ', 'J294607691', 'GUARICO', 'AV. LAS INDUSTRIAS LOCAL GALPON NRO S/N ZONA INDUS', '0246-4318824', '', 1),
(959, 'MOTORES CABRIALES S A', 'J075207904', 'VALENCIA', 'AV CEDEÑO C/C PASEO CABRIALES EDIF. MOTORES CABRIA', '0241 6186200', '', 1),
(960, 'AUTO REPUESTOS Y ACCESORIOS JOSUE, C.A. ', 'J298242795', 'CAGUA', 'CALLE RONDON CASA NRO. 104-09-10 SECTOR CENTRO, CA', '0244-4475113', '', 1),
(961, 'GRUPO TURAGUA PRIX C.A.', 'J303253113', 'MARACAY', 'AV. INTERCOMUNAL GRAL SANTIAGO MARIÑO LOCAL NRO 81', '0243-2901237', '', 1),
(962, 'TRANSPORTE CATA, C.A.', 'J075122283', 'VALENCIA', 'AV. 66/97A EDIF TRANSPORTE CATA PISO 1 LOCAL 1 URB', '0241 8717375', '', 1),
(963, 'HYPER LIDER FLOR AMARILLO, C.A.', 'J401131530', 'VALENCIA', 'AV. 73 CARRETERA NACIONAL VALENCIA -GUIGUE LOCAL C', '0241-', '', 1),
(964, 'CENTRAL MADEIRENSE, C.A ', 'J000062757', 'CARACAS', 'CTRA VIEJA PETARE SANTA LUCIA KM 5 EDIF. CM. PISO ', '0212) 204 7500', 'alfonso.cardenas@centralmadeirense.com.ve', 1),
(965, 'INVERSIONES RUD´O, C.A (HIPERMERCADOS IDEHOGAR)', 'J310705089', 'TURMERO', 'CTRA MARACAY TURMERO LOCAL PARCELA NRO 26 SECTOR L', '0243-', '', 1),
(966, 'PROMOAUTO NORTE, C.A. ', 'J312666919', 'CARACAS', 'AV.SUCRE DE LOS DOS CAMINOS ENTRE 5TA Y 6TA TRANSV', '0212-2856659', 'PROMOAUTONORTE@CANTV.NET ', 1),
(967, 'ANTONIO JOSE GONZALEZ GUAIMARA', 'V071304724', 'GUACARA', 'AV. DOMINGO OLAVARRIA, CENTRO, GUACARA', '', '', 1),
(968, 'HIPERMERCADO LA NUEVA ORIENTAL, C.A ', 'J298479493', 'CIUDAD BOLIVAR', 'CALLE BOLIVAR DIAGONAL A LA PLAZA BOLIVAR UPATA ED', '02882210530', '', 1),
(969, 'TOYOPLANET REPUESTOS C.A. ', 'J307439980', 'CARACAS', 'AV PPAL DE MARIPEREZ QTA MARGARITA NRO 13 URB MARI', '0212-794.94.52', '', 1),
(970, 'TUNING WASH C.A. ', 'J311690816', 'MARACAY', 'AV. INTERCOMUNAL MARACAY TUMERO LOCAL GALPON NRO 0', '0424-3035300', '', 1),
(971, 'SERVIPLANTAS J.FIGUEROA 06-05, C.A. ', 'J403906750', 'CARACAS', 'URB. DELGADO CHALBOUD VEREDA 62 CASA NRO 19 COCHE ', '04166272812', '', 1),
(972, 'LABORATORIOS PONCE, C.A. ', 'J000215162', 'CARACAS', 'EDIF. PONCE & BENZO, 2DA AV CON 5TA, TRANSVERSAL, ', '0212-2863822', '', 1),
(973, 'RODRIGO MARTINEZ OSORIO', 'V158594958', 'VALENCIA', 'CALLE PASAJE COLON CASA N° 11 SECTOR YAGUA EDO CAR', '0412-1977892', '', 1),
(974, 'TOYOVAL C A ', 'J075458508', 'VALENCIA', 'AV. BOLIVAR NORTE LOCAL NRO. 108-118 SECTOR SAN JO', '0241 8582058', '', 1),
(975, 'ABNER HONORIO MANZANO JIMENEZ', 'V127093403', 'VALENCIA', 'CALLE SUCRE BARRIO MARISCAL SUCRE CASA N°02 MARIAR', '0243-2639746', '', 1),
(976, 'DCM., C.A. ', 'J402306563', 'VALENCIA', 'ZONA INDUSTRIAL CASTILLITO, EDIF. PARQUE COMERCIO ', ' 0241 871-5688 871-8', ' martin.membrillo@dcmlub.com', 1),
(977, 'JUVENAL MIGUEL GIRON FARRELL', 'V187478673', 'VALENCIA', 'EL TRIGAL CENTRO VALENCIA EDO CARABOBO ', '0241-', '', 1),
(978, 'SERVICIOS LA ENCRUCIJADA, C.A. (SERVICIOS LA ENCRUCIJADA C.A.)', 'J308698806', 'ARAGUA', 'CARRETERA LA ENCRUCIJADA DE TURMERO VIA CAGUA LA E', '', '', 1),
(979, 'OSAKA MOTOR S. C. A. ', 'J080341570', 'MATURIN', 'AV. ALIRIO UGARTE PELAYO EDIF. MITSUBISHI PISO 1 L', '0292-', '', 1),
(980, 'MOTORES MORICHAL, C.A. ', 'J080085060', 'MATURIN', 'AV. ALIRIO UGARTE PELAYO EDIF. MOTORES MORICHAL MA', '0291-6419483-6419115', '', 1),
(981, 'DSL+ C.A. ', 'J404521992', 'GUARENAS', 'AV. PRINCIPAL CLORIS EDIF INDUSTRIAL A PISO PB LOC', '0414-7463050', ' simon.russian@dcmlub.com', 1),
(982, 'DECO GLASS INDUSTRIAL Y COMERCIAL. C A ', 'J000668116', 'CARACAS', 'AV. RIO JANEIRO EDIF. EDIMCA, PISO 2 OFICINA 5 Y 6', '0243-5516647', 'LESCALANTE@decoglass.com', 1),
(983, 'GREGORYPARTS, C.A.', 'J310993629', 'VALENCIA', 'AV.(61) BRANGER CC Y EMPRESARIAL ARTURO MICHELENA ', '0241-', '', 1),
(984, 'FLETES Y SERVICIOS DA-LI C.A.', 'J298151234', 'VALENCIA', 'CALLE MANZANA H EDIF. ADMINISTRACIÓN PISO PB LOCAL', '0241 4144019', '', 1),
(985, '"CENTRAL EL LOTO DE GUAYANA, C.A." ', 'J310030090', 'CIUDAD BOLIVAR', 'AV. ANTONIO DE BERRIOS LOCAL NRO 125-A SECTOR EL P', '0281', '', 1),
(986, 'RORAIMA MOTORS, C.A. ', 'J301174097', 'CIUDAD BOLIVAR', 'AV. GUARAPICHE-EDIF. RORAIMA UNARE I PUERTO ORDAZ ', '0286-9521402-9521759', 'roraima_repuestos@cant.net', 1),
(987, 'ALIMENTOS FM C.A. (BIOMERCADOS)', 'J317219686', 'VALENCIA', 'CALLE CALLEJON MAÑONGO (176), TERRENO CIVICO N° 91', '0241-4124100', 'LILIANA.DEORNELAS@biomercados.com.ve ', 1),
(988, 'DISTRIBUIDORA G & D 2014, C.A.', 'J403543143', 'MARACAY', 'CALLE MARIÑO SUR EDIF- ARAGUA PISO PB LOCAL 1-B SE', '0243-2475346', '', 1),
(989, 'GRUPO INDUSTRIAL DEL PLASTICO GIPLAST, C. A. ', 'J305753504', 'MARACAY', 'CARRETERA NACIONAL CAGUA - VILLA DE CURA - EDIFICI', '0244-', '', 1),
(990, 'ASISTECNIA C.A. ', 'J316258122', 'VALENCIA', 'URB. LA ISABELICA, SECTOR 11, VEREDA 02# 25 VALENC', '0241-8342134', '', 1),
(991, 'TROY, C.A. ', 'J311765220', 'PUERTO ORDAZ', 'CR S/N, MANZANA 35 LOCAL PARCELA 10, GALPON NRO 10', '0286-', 'alba.troyca@gmail.com', 1),
(992, 'AGROINDUSTRIA ACEOR, C.A.', 'J404450335', 'BARCELONA', 'URBANIZACION URDANETA BARCELONA ESTADO ANZOATEGUI', '0414-9822915', '', 1),
(993, 'VWS VENEZUELA C.A.', 'J302701309', 'CARACAS', 'AV. FINAL AV. VENEZUELA EDIF.TORRE OXAL PISO 3 OF ', '+58 212 9525016', 'pedro.martinez@veolia.com ', 1),
(994, 'UN PASO ARAGUA, C.A ', 'J296332967', 'MARACAY', 'URB. EL HIPODROMO CALLE SAN IGNACIO N° 86 MARACAY ', '0243-2475196', '', 1),
(995, 'AUTOS BOLIVARIANOS,C.A ', 'J298569883', 'CIUDAD BOLIVAR', 'AV. LAS AMERICAS CON VIA CARACAS LOCAL NRO 1 URB C', '0285-', '', 1),
(996, 'SHUMA MOTORS, C.A', 'J307183101', 'CARACAS', 'AV. INTERCOMUNAL LA TRINIDAD EL HATILLO LOCAL SHUM', '0212', 'leo487@hotmail.com ', 1),
(997, 'SERVAPOR, C.A ', 'J314252542', 'VALENCIA', 'SECTOR LOS TAMARINDOS CALLEJON LOS TAMARINDOS, CAS', '0241-8662784', 'Servapor@hotmail.com', 1),
(998, 'AUTOREPUESTO VALETS 2015, C.A.', 'J405119098', 'VALENCIA', 'AV. AV. HENRY FORD CC CC BOULEVARD INDUSTRIAL NAVE', '0412673838', '', 1),
(999, 'TIM CONSULTORES,C.A.', 'J313937347', 'VALENCIA', 'AV 90B,ENTRE CALLES 131 Y 132 EDIFICIO MONTE ARARA', '02419221478', '', 1),
(1000, 'AUTOS DE LA COSTA, C.A.', 'J315771403', 'VALENCIA', 'AV.AV. SALOM AL LADO DE FERROBAR PTO. CABELLO EDO ', '0242-3614678', 'moraima.medina@eltunal.com ', 1),
(1001, 'DISTRIBUIDORA COMPUTORCA C.A', 'J317309030', 'MARACAY', 'CALLE SERGIO MEDINA CASA NRO 21 URB BELLO MONTE II', '0244-', 'computorca@gmail.com', 1),
(1002, 'ALBERTO JOSE VILLAMARIN RUBIN', 'V196072043', 'MARACAY', 'URBANIZACION EL PASEO EL LIMON MARACAY EDO ARAGUA', '02414-', '', 1),
(1003, 'INDUSTRIAS DEL MAIZ C A', 'J000195625', 'MARACAY', 'AV. LA ESTANCIA EDIFICIO GENERAL DE SEGUROS PISO 8', '0244-6631679', 'elizarzabal@alfonzorivas.com ', 1),
(1004, 'SERV GENERALES M Y R, C.A ', 'J301966899', 'MARACAY', 'CALLE 3 N° 6 SECTOR URB LAS MERCEDEZ LA VICTORIA E', '0426-2395878', 'serviciosgeneralesmyr@hotmail.com', 1),
(1005, 'TOYOWORLD, C.A. ', 'J404948147', 'ACARIGUA', 'CALLE 1 CASA NRO 3 URB LA GALERA ARAURE ARARURE PO', '0244', '', 1),
(1006, 'RADIADORES BIG LOW, C.A. ', 'J401912605', 'VALENCIA', 'AV DON JULIO CENTENO CC CEM IN NIVEL PB LOCAL 2 ZO', '02418716839', '', 1),
(1007, 'E & P PROVEEDORES INDUSTRIALES, C.A ', 'J401493718', 'VALENCIA', 'CALLE NRO 3, QUINTA E&P,PARCELA 32,URB. CIUDAD JAR', '04121497165', '', 1),
(1008, 'VAS CARACAS, S.A. ', 'J307200804', 'CARACAS', 'AV. PRINCIPAL DE LOS RUICES LOCAL FERMECO NRO 302 ', '58 212 7002064', 'jgonzalez@vascaracas.com.ve', 1),
(1009, 'TRACTORES Y EQUIPOS MERIDA C.A. TRACTOEQUIP C.A. ', 'J310645183', 'MARACAY', 'ZONA INDUSTRIAL SECTOR LA HAMACA AV. ANTON PHILLIP', '02436715151', 'compras@tractoequip.com', 1),
(1010, 'COMERCIAL AUTO CENTRO, C.A.', 'J000666385', 'CARACAS', 'AV ANDRES BELLO CRUCE C/AV LOS SAMANES EDIF COMERC', '02127306386', 'gerenciarepuestos@comercialautocentro.com', 1),
(1011, 'TURBOMOTRIZ II, C.A. ', 'J401398090', 'VALENCIA', 'AV. PARCELAMIENTO INDUSTRIAL LOS CRIOLLITOS AV. LO', '0241', '', 1),
(1012, 'PURAMIN C A ', 'J000896607', 'PUNTO FIJO', 'AV. INTERCOMUNAL ALI PRIMERA EDIF. PURAMIN PISO S/', '58 (269) 410.69.20', 'nosteicoechea@puramin.com', 1),
(1013, 'SEDICOMVET,C.A. ', 'J305907706', 'ARAGUA', 'CALLE CARABOBO C/C VENEZUELA QTA NRO 14 URB MARIO ', '0243-2361312-2362025', 'sedicomvet@hotmail.com', 1),
(1014, 'AUTOMOVILES EL MARQUES III, C.A. ', 'J310271283', 'CARACAS', 'AV. ROMULO GALLEGOS QTA. SANTA MARTHA EL QRQUES CA', '0212-2397411', '', 1),
(1015, 'DANNY GABRIEL CONOROPO', 'V182669900', 'ARAGUA', 'CALLE PRINCIPAL SAN JOAQUIN DE TURMERO - ARAGUA', '0244', '', 1),
(1016, 'REPUESTOS C Y D C A ', 'J316216128', 'BARCELONA', 'CALLE NORTE NRO 4 LOCAL GALPON NRO S/N SECTOT PARC', '0414) 842.03.44', 'hectoremendezc2@gmail.com', 1),
(1017, '"SUPER AUTOS ORINOCO, C. A." ', 'J300186296', 'CIUDAD BOLIVAR', 'PASEO MENESE CON CALLE WELLE, EDIFICIO SUPER AUTOS', '0285-6320211', '', 1),
(1018, 'AUTO ACCESORIOS LA AUXILIADORA CA ', 'J301607660', 'MIRANDA', 'CTRA PANAMERICANA CC LA AUXILIADORA NIVEL P.B LOCA', '0212-', 'laauxiliadora.adm@hotmail.com', 1),
(1019, 'SCANIA DE VENEZUELA S.A. ', 'J305328293', 'VALENCIA', 'ZONA IND. CASTILLITO, PROLONGACION AV. BRANGER DIS', '0241-8718090', '', 1),
(1020, 'SULMA YADIRA ROVERTIT TACOA LUBRICANTES KOTICO, F.P', 'V064551813', 'CARACAS', 'CALLE LA ACEQUIA CERCA DE LA CALLE LIBERTAD CASA N', '0412 702 99 02', '', 1),
(1021, 'DELI-MARKET FOOD EXPRESS, C.A ', 'J401410588', 'MARACAY', 'AV. PRICIPAL, A 200METROS DE LA REDOMA EL AVION LO', '0414-2979160', '', 1),
(1022, 'IMPORTADORA TAYO, C.A ', 'J298898704', 'CARACAS', 'AV. PRINCIPAL MARIPEREZ E/ 8VA Y 9NA QTA GLOMIRA U', '0212', '', 1),
(1023, 'MAMPRI SOLUTION GLOBAL, C.A ', 'J405657251', 'MARACAY', 'CALLE CHAGUARAMOS LOCAL NRO 71 URB LA CANDELARIA E', '0243', 'eliasmora11@gmail.com', 1),
(1024, 'TEGMA VENEZUELA, S.A. ', 'J294432107', 'VALENCIA', 'CTRA GUACARA, LOS GUAYOS LOCAL GALPON A.V.E.T,C.A ', '0245-5715444', '', 1),
(1025, 'TRACTO AGRO MARACAY CA ', 'J302006244', 'MARACAY', 'AV. 3ERA LOCAL PARCELA NRO 0 LOTE G NRO 20 ZONA IN', '0243-3000446', '', 1),
(1026, 'ING SERVICIOS Y SEGURIDAD AUTOMOTRIZ, C.A. ', 'J298103868', 'CARACAS', 'CALLE 3ERA TRANSV. ENT PPAL Y AV. LAS PALMAS QTA S', '0212-', 'ingssautotomotriz@gmail.com. ', 1),
(1027, 'INVERSIONES RADISOL M.X, C.A ', 'J310511470', 'VALENCIA', 'AV CIRCUNVALACION LOS SAMANES C/C CALLE CAMORUCO C', '04161417690', '', 1),
(1028, 'FREDDY I PAZ C', 'V041283080', 'VALENCIA', 'URB. LA TRIGALEÑA CALLE 131 RESIDENSIAS PATRICIA A', '0414-4020628', '', 1),
(1029, 'INDUSTRIAS INTEGRADAS DE ALIMENTOS INALSA, S.A. ', 'J299075868', 'BARQUISIMETO', 'CR 3 CON CALLE 4 LOCAL NRO. S/N URB. INDUSTRIAL N°', '0255-7114400', 'compras@inalsa.com', 1),
(1030, 'SJB.AGREGADOS MIRANDA,C.A ', 'J403555982', 'VALENCIA', 'CALLE PRINCIPAL VIA EL CEDRO, CASA NRO SN SECTOR E', '0245 415.50.93', ' compras_grupocarabobo@hotmail.com', 1),
(1031, 'CONCRETERA LA ENTRADA C.A. ', 'J303218962', 'MARACAY', 'CTRA. NACIONAL MARACAY PALO NEGRO LOCAL SANTA RITA', '0243-2710239', '', 1),
(1032, 'RADIADORES RADICOX, C.A. ', 'J402893175', 'VALENCIA', 'CALLE MANRIQUE ENTRE ANDRES BELLO Y BRICEÑO MENDEZ', '0241-', '', 1),
(1033, 'EDERSON JAVIER RAMIREZ BELLORIN', 'V191751120', 'MARACAY', 'SAN JOSE PASAJE 12 N°44 MARACAY EDO ARAGUA ', '0424-3332891', '', 1),
(1034, 'HIPER LIDER CABUDARE, C.A ', 'J405521040', 'BARQUISIMETO', 'AV. INTERCOMUNAL BARQUISIMETO. ACARIGUA PARCELAS 3', '0258', '', 1),
(1035, 'MULTISERVICIOS HIDRO EXPRESS C.A. ', 'J315928736', 'MARACAY', 'CALLE SANCHEZ CARRERO C/C CAJIGAL CASA NRO 77-79-8', '0243-2475172', '', 1),
(1036, 'CARLOS EDUARDO ALVARENGA BLANCO', 'V146092965', 'CARACAS', 'FINAL AVENIDA VENEZUELA, TORRE OXAL, PISO 3, EL RO', '0212 9524758', '', 1),
(1037, 'TRANSPORTE PEREZ SONRISA C.A ', 'J295339550', 'MARACAY', 'CALLE PRINCIPAL LOCAL LOTE NRO 44 SECTOR EL VIÑEDO', '0243', '', 1),
(1038, 'EMPRESA MIXTA SOCIALISTA DE VEHICULOS VENEZOLANOS, S.A. ', 'G200110155', 'CARACAS', 'AV. SOUBLETTE, COLINDANTE CON LOS TRIBUNALES MILIT', '0212-', 'COMPRASEMSOVEN@GMAIL.COM', 1),
(1039, 'PASCUAL ANDINA C.A. ', 'J295774044', 'CARACAS', 'AV 2DA AVENIDA CON 4TA TRANSV. DE LOS CORTIJOS DE ', '0212-202311', '', 1),
(1040, 'INVERSIONES MANUEL RODRIGUES IV, C.A. (GARAGE EL PUENTE)', 'J300135306', 'CARACAS', 'ESQ PIEDRAS A PTA RESTAURADOR EDIF ESTAC DE SERV P', '02124828785', '', 1),
(1041, 'REPRESENTACIONES CASMAR, C.A. ', 'J301300149', 'MARACAY', 'CALLE MARIÑO LOCAL NRO 01-12 103-01-12 SECTOR LA G', '0243', '', 1),
(1042, 'CENTRO AUTOMOTRIZ VOLGAN CA ', 'J309628577', 'CARACAS', 'AV. NUEVA GRANADA EDIF. MOSAICOS AGUERREVERE ( ANT', '0212-6329493', 'jrjacotte@volgan.com.ve', 1),
(1043, 'COPAYTRA, C.A. ', 'J299999628', 'ARAGUA', 'URB.LAS MERCEDES, CALLE NEPTALI, CASA N°15 VILLA D', '0424-3786223', 'COPAYTRACA@GMAIL.COM ', 1),
(1044, 'IMPORTADORA LAFAN 2010, C.A. ', 'J307682060', 'MIRANDA', 'FINAL AVENIDA PRINCIPAL URBANIZACION VALLE VERDE, ', '0239-225.58.80', 'lafan2010ca@yahoo.com', 1),
(1045, 'INVERSIONES CLARIMIL, C.A ', 'J296083827', 'VALENCIA', 'DIRECCIÓN FISCAL: AV.107, C.C. PREBO, NIVEL OFICIN', '584121497165 ', '', 1),
(1046, 'ARRANQUES Y ALTERNADORES ONLINE, C.A. ', 'J405108720', 'CARACAS', 'AV LA SALLE EDIF. LA SALLE PISO PB LOCAL NRO. 2 UR', '0212', '', 1),
(1047, 'AUTOPARTES FIRENPRADO, C.A. ', 'J402960638', 'CARACAS', 'AV.ROOSEVEL ENTRE CALLES RAZZETTI Y CALLE REAL DE ', '0212', 'firenprado@gmail.com', 1),
(1048, 'MULTISERVICIOS CONAUTO, C.A ', 'J404433660', 'CARACAS', 'AV LA FACULTAD, EDIFICIO, VALENCIANA, P,B LOS CHAG', '04162080108', '', 1),
(1049, 'GUTPER, C.A. ', 'J404169547', 'MARACAY', 'CALLE ALBERTO CARNEVALLI LOCAL GALPON NRO 39 SECTO', '0243', '', 1),
(1050, 'AUTOKIA DEL CENTRO C.A.', 'J308679933', 'ARAGUA', 'AV CARLOS SANDA C/C AV ANDRES ELOY BLANCO EDIF. AU', '0241 8241762', '', 1),
(1051, 'CHAZAM PQ, C.A', 'J400906083', 'ARAGUA', 'CALLE 3 LOCAL A NRO 121 URB LOS SAMANES MARACAY ED', '0243-', 'chazampq@gmail.com', 1),
(1052, 'CONCRETOS Y PAVIMENTOS, C.A.', 'J401824897', 'CIUDAD BOLIVAR', 'CTRA. NACIONAL VIA KM. 70, KM70 1 LOCAL ZONA INDUS', '0286-5149572', '', 1),
(1053, 'GEOVANNY ENRIQUE SOSA RODRIGUEZ', 'V163940031', 'CIUDAD BOLIVAR', 'CALLE PAEZ C/C BENEFICIENCIA CASA S/N SECTOR CASCO', '0285', 'srgeovanny@gmail.com', 1),
(1054, 'PROCESADORA ECOGRASAS, C,A, ', 'J298013133', 'SAN CARLOS', 'ZONA INDUSTRIAL CALLE 04 PARCELA C, TINAQUILLO- ED', '02587663191', 'marbelliproecograsas@gmail.com', 1),
(1055, 'GRANITOS BOLIVAR,C.A', 'G200102098', 'CIUDAD BOLIVAR', 'AV. SAN SALVADOR, ZONA IND. LA SABANITA, EDIF. GRA', '04249153846', 'LISETHA@hotmail.com', 1),
(1056, 'KOYOSAKA IMPORT 2000, C.A. ', 'J299249947', 'CARACAS', 'AV. OHIGGINS , EDF VERONA P.B LOCAL 2, ENTRE EL PU', '0212-4432523', 'parteshonda@gmail.com', 1),
(1057, 'LOCALFRIO VALENCIA, C.A. ', 'J075169174', 'VALENCIA', 'CALLE 2-PARCELA 41 EDIF. LOCALFRIO PISO P/B OF 1 U', '0241-', '', 1),
(1058, 'INVERSIONES PICK&LOU, C.A. ', 'J309868225', 'VALENCIA', 'CTRA VALENCIA-CAMPO CARABOBO MANZ A -26 LOCAL N-1 ', '04244941079', 'inversionespicklou@hotmail.com', 1),
(1059, 'INVERSIONES PASEO ELECTRONICA, C.A. ', 'J307484900', 'CARACAS', 'AV.FCO. DE MIRANDA EDIF. EASO PISO 12 OF C-D URB E', '0241-', 'ventas.paseoelectronica@gmail.com', 1),
(1060, 'FELIX EDUARDO GUTIERREZ QUINTERO', 'V051175383', 'MIRANDA', 'AV. CALLE RICAUTE EDIF. DON ALEJANDRO APTO 83-E SE', '0241', '', 1),
(1061, 'PEÑA MOLINA, JULIO ALBERTO ', 'V126271510', 'VALENCIA', 'AV.CALLEJON LOS CLAVELES N° 96-60 CASA TOWN HOUSE ', '0241-', '', 1),
(1062, 'SUMINITROS Y REPUESTOS MORENO C.A, ', 'J406833894', 'VALENCIA', 'CALLE ACARIGUA LOCAL GALPON NRO 1 URB. FLOR AMARIL', '04269406193', 'fabianem2006@hotmail.com', 1),
(1063, 'SONIA RAMONA CLAVIJO MOLINA', 'V028943136', 'VALENCIA', 'URB. CAMPO ALEGRE RESIDENCIA ISLA ESMERALDA TORRE ', '0241-8218165', '', 1),
(1064, 'AUTOMOVILES CENTROMARCA, C.A (AUTOMOTRIZ CENTRO LA PAZ I C.A)', 'J309970267', 'CARACAS', 'AV.PPAL LOS CORTIJOS ENTRE TRANS NEUMAN EDIF. RODE', '0212-2378547', '', 1),
(1065, 'UNILEVER ANDINA VENEZUELA, S.A. ', 'J000564868', 'VALENCIA', 'AV.BLANDIN C/ LOS CHAGUARAMOS,CORPBANCA P15-LA CAS', '02124005711', 'Ruben.Cadenas@unilever.com', 1),
(1066, 'AUTOMOTRIZ MABER, C.A. ', 'J308613282', 'CARACAS', ' AV. VENEZUELA EL ROSAL CARACAS. REFERENCIA ( FINA', '2129528017', 'repuestos@kia-maber.com', 1),
(1067, 'NAIVIT DEL VALLE RINCONES VIVENES ', 'V155117563', 'MARACAY', 'CAÑA DE AZUACA SECTOR 6 BLOQUE 36 APTO 03-06 MARAC', '02435538251', '', 1),
(1068, 'TRANSPORTE TORREXPRESS, C. A. ', 'J317569377', 'VALENCIA', 'AV.MANZANA P QTA 265 URB. LA PRADERA SECTOR LOS RO', '0414-4969822', '', 1),
(1069, 'SUPREMO EXPRESS MIRANDA, S.A. ', 'J406306304', 'ARAGUA', 'AV. MIRANDA ESTE LOCAL NRO 128 SECTOR CENTRO MARAC', '0243-', '', 1),
(1070, 'LIZMARI ANALI SALAZAR PEREZ', 'V197938362 ', 'MARACAY', 'MORITA 1 URB. BALLE VERDE CASA N°53 MARACAY EDO AR', '0243-', '', 1),
(1071, '"LA POSADA DEL POLLO C.A" ', 'J294736157', 'CIUDAD BOLIVAR', 'AV. UPATA, URB. MEDINA ANGARITA CIUDAD BOLIVAR. ', '0285-6313706', '', 1),
(1072, 'ALIMENTOS VENEZOLANOS S&M ALIVENSA S.A. ', 'J400115710', 'ACARIGUA', 'CTRA VIA A ESPINITAL CC COMPLEJO AGROINDUSTRIAL AL', '0412-3037981', 'dptocomprasalivensa@gmail.com', 1),
(1073, 'ADMINISTRADORA SD 1980, C.A ', 'J317255208', 'MARACAY', 'AV. INTERCOMUNAL TURMERO MARACAY CC BOAVENTURA NIV', '0244', 'carlos.henriques@amsandiego.com.ve', 1),
(1074, 'ALIMENTOS CHUCHES, C.A. ', 'J403960240', 'CARACAS', 'KM14 DE LA CARRETERA PANAMERICANA ZONA IND. LAS MI', '0212-', 'chuchesalimentos@gmail.com', 1),
(1075, 'AMILCAR JOSE SANCHEZ', 'V161305487', 'MARACAY', 'URB. LA MORITA II LA FLORIDA SEGUNDA AV. CASA 73', '0412-440441267', '', 1),
(1076, 'AMADO HECTOR APONTE RODRIGUEZ', 'V142616749', 'CARACAS', 'AV. ROOSEVELT, RESIDENCIA AROA,QUINTA ESTHER, PLAN', '0416-7129562', 'haponte14@gmail.com', 1),
(1077, 'ENVAPRIMOL, C.A ', 'J401819770', 'MARACAY', 'AV. MARACAY EDIF CENTRO INDUSTRIAL ROMANO PISO PB ', '0243-', '', 1),
(1078, 'ALIMENTOS MUNCHY, C.A. ', 'J313445177', 'MARACAY', 'AV. INTERCOMUNAL TURMERO PARC. N° 23 ASET. CAMP. L', '0243-3007800', 'mtovar@alimentosmunchy.com', 1),
(1079, 'ZAIDA COROMOTO STRIPPOLI PERDOMO', 'V096553559', 'MARACAY', 'CALLE 1, N° 8 URB. SAN ANTONIO. PALO NEGRO EDO. AR', '02435515647', '', 1),
(1080, 'PROCESADORA E & A, C.A. ', 'J313989517', 'SAN MATEO - ARAGUA', 'CARRETERA NACIONAL LA ENCRUCIJADA, LA HAC. SAN BER', '04243730397', '', 1),
(1081, 'REPUESTOS JECAR S, C. A ', 'J299438464', 'MARACAY', 'AV.MARACAIBO C/C AYACUCHO LOCAL NRO 11-4 SECTOR LA', '0243', '', 1),
(1082, 'MH TOTAL SUPPLY C.A ', 'J316028569', 'VALENCIA', 'CALLE PRINCIPAL, CC CENTRO COMERCIAL INDUSTRIAL AC', '0414-4100407', 'anggeuzcategui@gmail.com', 1);
INSERT INTO `clientes` (`id_cliente`, `nombre`, `rif`, `ciudad`, `direccion`, `telefono`, `email`, `act`) VALUES
(1083, 'JONATHAN ALEXANDER PERDOMO VALECILLOS', 'V236333570 ', 'ARAGUA', 'CALLE COOPERATIVA CASA NRO 78 BARRIO 23 DE ENERO M', '0412-7790638', '', 1),
(1084, 'MRO PROCURA INDUSTRIAL C.A. ', 'J311982930', 'CARACAS', 'CALLE CALIFORNIA EDIF. SAN CARLOS PISO MEZZANINA U', '0212 318-11-07', 'ventas@mroprocuraind.com', 1),
(1121, 'asdafsdfasd', '12312312312', '', '', '', '', 1);

-- --------------------------------------------------------

--
-- Estructura de tabla para la tabla `descargas`
--

CREATE TABLE IF NOT EXISTS `descargas` (
  `id` int(11) NOT NULL AUTO_INCREMENT,
  `cod_producto` varchar(20) COLLATE utf8_spanish_ci NOT NULL,
  `descripcion` varchar(100) COLLATE utf8_spanish_ci NOT NULL,
  `url` varchar(100) COLLATE utf8_spanish_ci NOT NULL,
  PRIMARY KEY (`id`),
  KEY `id` (`id`)
) ENGINE=InnoDB  DEFAULT CHARSET=utf8 COLLATE=utf8_spanish_ci AUTO_INCREMENT=13 ;

--
-- Volcado de datos para la tabla `descargas`
--

INSERT INTO `descargas` (`id`, `cod_producto`, `descripcion`, `url`) VALUES
(1, 'EXRO820LNI', 'Boletin Técnico Rev. 3', 'productos-para-calderas/exro820lni/EXRO820-LNiRev3.pdf'),
(2, 'EXRO860L', 'Boletin Técnico Rev. 4', 'productos-para-calderas/exro860l/EXRO860-LRev.4.pdf'),
(3, 'EXRO889', 'Boletin Técnico Rev. 2', 'productos-para-calderas/exro889/EXRO889Rev2.pdf'),
(4, 'EXRO889', 'Hoja de Seguridad Rev. 1', 'productos-para-calderas/exro889/HDSMEXRO889Rev1.pdf'),
(5, 'EXRO222', 'Boletin Técnico Rev. 2', 'limpiadores-y-desengrasantes/exro222/EXRO222Rev2.pdf'),
(6, 'EXRO223', 'Boletin Técnico Rev. 3', 'limpiadores-y-desengrasantes/exro223/EXRO223Rev3.pdf'),
(7, 'EXRO290', 'Boletin Técnico Rev. 4', 'limpiadores-y-desengrasantes/exro290/EXRO290Rev4.pdf'),
(8, 'EXRO614', 'Boletín Técnico', 'polimeros-para-tratamiento-de-aguas/exro614/EXRO614_boletin_tecnico.pdf'),
(9, 'EXRO614', 'Hoja de Seguridad Rev. 4', 'polimeros-para-tratamiento-de-aguas/exro614/HDSEXRO614Rev4.pdf'),
(10, 'EXRO660', 'Boletín Técnico', 'polimeros-para-tratamiento-de-aguas/exro660/EXRO660new.pdf'),
(11, 'EXRO660', 'Hoja de Seguridad Rev. 3', 'polimeros-para-tratamiento-de-aguas/exro660/HDSEXRO660LRev3.pdf'),
(12, 'EXRO663MA', 'Boletín Técnico', 'polimeros-para-tratamiento-de-aguas/exro663ma/EXRO663MA\n.pdf');

-- --------------------------------------------------------

--
-- Estructura de tabla para la tabla `detalle_pedido`
--

CREATE TABLE IF NOT EXISTS `detalle_pedido` (
  `id_pedido` int(11) NOT NULL,
  `cod_producto` varchar(20) COLLATE utf8_spanish_ci NOT NULL,
  `presentacion` varchar(50) COLLATE utf8_spanish_ci NOT NULL,
  `cantidad` int(10) DEFAULT NULL,
  `precio` double DEFAULT NULL,
  `subtotal` double DEFAULT NULL,
  `iva` double DEFAULT NULL,
  `total` double DEFAULT NULL,
  `act` int(1) DEFAULT NULL
) ENGINE=InnoDB DEFAULT CHARSET=utf8 COLLATE=utf8_spanish_ci;

--
-- Volcado de datos para la tabla `detalle_pedido`
--

INSERT INTO `detalle_pedido` (`id_pedido`, `cod_producto`, `presentacion`, `cantidad`, `precio`, `subtotal`, `iva`, `total`, `act`) VALUES
(1, '112J4UG', 'Carboya de 60 Lts', 2, NULL, NULL, NULL, NULL, 1),
(1, 'EXRO290', 'Carboya de 21 Kgs', 2, NULL, NULL, NULL, NULL, 1),
(1, 'EXRO660', 'Saco de 25 Kgs', 23, NULL, NULL, NULL, NULL, 1),
(1, 'EXRO748', 'A Convenir', 2, NULL, NULL, NULL, NULL, 1),
(2, '142AG', 'Carboya de 20 Lts', 2, NULL, NULL, NULL, NULL, 1),
(2, 'EXRO740', 'Carboya de 72 Kgs', 2, NULL, NULL, NULL, NULL, 1),
(2, 'EXRO748', 'A Convenir', 4, NULL, NULL, NULL, NULL, 1),
(3, '103G', 'Paquete de 12 litros', 2, NULL, NULL, NULL, NULL, 1),
(3, '130LRTG', 'Paquete de 4 galones', 2, NULL, NULL, NULL, NULL, 1),
(3, '135LRCG', 'Paquete de 4 galones', 2, NULL, NULL, NULL, NULL, 1),
(4, '110J5RG', 'Paquete de 12 litros', 2, 0, 0, 0, 0, 0),
(5, '105J5FRG', 'Paquete de 12 litros', 2, 0, 0, 0, 0, 1),
(6, '135LRCG', 'Paquete de 4 galones', 2, NULL, NULL, NULL, NULL, 1),
(7, '105J5FRG', 'Paquete de 12 litros', 2, NULL, NULL, NULL, NULL, 1);

-- --------------------------------------------------------

--
-- Estructura de tabla para la tabla `pedidos`
--

CREATE TABLE IF NOT EXISTS `pedidos` (
  `id_pedido` int(11) NOT NULL AUTO_INCREMENT,
  `rif_user` varchar(11) COLLATE utf8_spanish_ci NOT NULL,
  `fecha_hora` datetime DEFAULT NULL,
  `realizado_por` varchar(10) COLLATE utf8_spanish_ci DEFAULT NULL,
  `subtotal` double DEFAULT NULL,
  `iva` double DEFAULT NULL,
  `total` double DEFAULT NULL,
  `act` int(1) DEFAULT NULL,
  PRIMARY KEY (`id_pedido`)
) ENGINE=InnoDB  DEFAULT CHARSET=utf8 COLLATE=utf8_spanish_ci AUTO_INCREMENT=8 ;

--
-- Volcado de datos para la tabla `pedidos`
--

INSERT INTO `pedidos` (`id_pedido`, `rif_user`, `fecha_hora`, `realizado_por`, `subtotal`, `iva`, `total`, `act`) VALUES
(1, 'V161305487', '2016-08-22 14:59:27', 'User', NULL, NULL, NULL, 1),
(2, 'V161305487', '2016-08-22 15:00:05', 'User', NULL, NULL, NULL, 1),
(3, 'V161305487', '2016-08-22 15:19:06', 'Usuario', NULL, NULL, NULL, 1),
(4, 'V161305487', '2016-08-22 15:51:13', 'Usuario', NULL, NULL, NULL, 1),
(5, 'V161305487', '2016-08-22 15:52:52', 'Usuario', NULL, NULL, NULL, 1),
(6, 'V161305487', '2016-08-22 15:54:59', 'Usuario', NULL, NULL, NULL, 1),
(7, 'V161305487', '2016-08-29 16:06:13', 'Usuario', NULL, NULL, NULL, 1);

-- --------------------------------------------------------

--
-- Estructura de tabla para la tabla `presentaciones`
--

CREATE TABLE IF NOT EXISTS `presentaciones` (
  `id` int(10) NOT NULL AUTO_INCREMENT,
  `presentacion` varchar(50) COLLATE utf8_spanish_ci NOT NULL,
  PRIMARY KEY (`id`)
) ENGINE=InnoDB  DEFAULT CHARSET=utf8 COLLATE=utf8_spanish_ci AUTO_INCREMENT=23 ;

--
-- Volcado de datos para la tabla `presentaciones`
--

INSERT INTO `presentaciones` (`id`, `presentacion`) VALUES
(1, 'A Convenir'),
(2, 'Carboya de 20 Kgs'),
(3, 'Carboya de 20 Lts'),
(4, 'Carboya de 21 Kgs'),
(5, 'Carboya de 50 Kgs'),
(6, 'Carboya de 60 Kgs'),
(7, 'Carboya de 60 Lts'),
(8, 'Carboya de 63 Kgs'),
(9, 'Carboya de 67 Kgs'),
(10, 'Carboya de 68 Kgs'),
(11, 'Carboya de 72 Kgs'),
(12, 'Paquete de 4 galones'),
(13, 'Paquete de 12 litros'),
(14, 'Saco de 25 Kgs'),
(15, 'Tambor de 200 Kgs'),
(16, 'Tambor de 200 Lts'),
(17, 'Tambor de 208 Kgs'),
(18, 'Tambor de 214 Kgs'),
(19, 'Tambor de 224 Kgs'),
(20, 'Tambor de 226 Kgs'),
(21, 'Tambor de 250 Kgs'),
(22, 'Maxicubo de 1000 Lts');

-- --------------------------------------------------------

--
-- Estructura de tabla para la tabla `productos`
--

CREATE TABLE IF NOT EXISTS `productos` (
  `codigo` varchar(20) COLLATE utf8_spanish_ci NOT NULL,
  `nombre` varchar(100) COLLATE utf8_spanish_ci NOT NULL,
  `descripcion_corta` text COLLATE utf8_spanish_ci NOT NULL,
  `descripcion_larga` text COLLATE utf8_spanish_ci NOT NULL,
  `clasificacion` int(5) DEFAULT NULL,
  `clasificacion_automotriz` int(5) DEFAULT NULL,
  `imagen` tinytext COLLATE utf8_spanish_ci NOT NULL,
  PRIMARY KEY (`codigo`),
  KEY `clasificacion` (`clasificacion`),
  KEY `fk_clas_auto` (`clasificacion_automotriz`)
) ENGINE=InnoDB DEFAULT CHARSET=utf8 COLLATE=utf8_spanish_ci;

--
-- Volcado de datos para la tabla `productos`
--

INSERT INTO `productos` (`codigo`, `nombre`, `descripcion_corta`, `descripcion_larga`, `clasificacion`, `clasificacion_automotriz`, `imagen`) VALUES
('102LGL', 'DEGRAS L', 'DEGRAS L, Es un producto neutro, biodegradable, desarrollado especialmente para remover grasa de las manos y brazos de mecánicos y empleados de talleres , tambien puede ser empleado en la limpieza de carroceria de vehiculos, tapiceria, alfombras y otras superficies.', '<p>DEGRAS L, Es un producto neutro, biodegradable, desarrollado especialmente para remover grasa de las manos y brazos de mecanicos y empleados de talleres , tambien puede ser empleado en la limpieza de la carroceria de vehículos ,tapicería, alfombras y otras superficies.</p>\r\n<p>DEGRAS L, Ha sido formulado con materias primas de alta calidad, que hacen de el un limpiador perfecto, protegiendo la piel, textiles, plásticos y metales desengrasados con este producto.</p>', 5, 2, 'productos/img/automotriz/galon_degras.png'),
('103G', 'SHAMPOO CAR''S', 'SHAMPOO CAR''S Es un producto neutro, biodegradable, desarrollado para lavar carrocería de vehículos expuestos a diferentes tipos de suciedad de origen organico e inorganico.\n', '<p>SHAMPOO CAR''S Es un producto neutro, biodegradable, desarrollado para lavar la carrocería de vehículos expuestos a diferentes tipos de suciedad de origen organico e inorganico.</p><p>SHAMPOO CAR''S Ha sido formulado con las cantidades precisas de materias primas de alta calidad que protegen la piel y aseguran la limpieza de la carrocería de vehiculos automotores, sin dejar residuos que manchen o ataquen la pintura del automotor.</p><p>SHAMPOO CAR''S Es un producto industrialmente seguro, que no daña pinturas ,metales, empacaduras, gomas, ni fibras textiles, por lo cual puede ser empleado para remover eficazmente la suciedad y la grasa de tapiceria, tapetes y partes plásticas del vehículo dejando una agradable fragancia floral.</p>', 5, 2, 'productos/img/automotriz/galon_shampoo.png\r\n'),
('105J4G', 'RADIOX PLUS-40', 'RADIOX PLUS 40, Es un refrigerante de motor, anticorrosivo y elevador del punto de ebullición, especialmente para ser usado en motores de gasolina y diesel ,usa como fluido base glicoles y sales organicas como inhibidores de corrosión.', '<p>RADIOX PLUS 40 Es un refrigerante de motor, anticorrosivo y elevador del punto de ebullición. Desarrollado especialmente para ser usado en motores de gasolina y diesel, RADIOX PLUS 40 usa como fluido base glicoles y como inhibidores de corrosión sales orgánicas y fosfatos que prolongan y mejoran la protección sobre los metales usados frecuentemente en el sistema de efriamiento del motor , incluido el aluminio, cobre, estaño, bronce, acero, hierro.</p>\r\n\r\n<p>RADIOX PLUS 40 No contiene boratos ni silicatos, RADIOX PLUS 40 cumple con las normas ASTM D-1384, ASTM D-4340, ASTM D-2570, ASTM D-3306, JIS K-2234.</p>', 5, 4, 'productos/img/automotriz/galon_radiox_plus_40.png'),
('105J5FDG', 'FORD PREMIUM', 'Refrigerante Sugerido para Vehículos Ford, RADIOX PREMIUM GOLD Es un refrigerante de motor, anticorrosivo y elevador del punto de ebullicion. Desarrollado Especialmente para ser utilizado en motores de gasolina que usa como fluido base glicoles, y como inhibidores de corrosion sales inorganicas y acidos policarboxilicos. ', '<p>Ford Premium Gold es refrigerante de motor, anticorrosivo y elevador del punto de ebullición. Desarrollado especial para ser utilizado en motores de gasolina y gas oil, que usa como fluido base glicoles y como inhibidores de corrosión sales inorgánicas y ácidos poli-carboxilicos, que prolongan y mejoran la protección sobre metales usados frecuentemente en el sistema de enfriamiento del motor, incluido el aluminio, cobre, estaño, bronce, acero, hierro.</p>\r\n\r\n<p>Ford Premium Gold cumple con las normas ASTM D-1384, ASTM D-4340, ASTM D-2570, ASTM D-3306 .</p>', 5, 4, 'productos/img/automotriz/galon_ford.png'),
('105J5FRG', 'REFRIGERANTE FIAT', 'REFRIGERANTE FIAT, Anticongelante de motor tipo glicol inhibido. Es un refrigerante de motor, anticorrosivo y elevador del punto de ebullición. desarrollado especialmente para ser utilizado en motores de gasolina. REFRIGERANTE FIAT, usa como fluido base glicoles y como inhibidores de corrosión sales inorgánicas.', '<p>REFRIGERANTE FIAT, Anticongelante de motor tipo glicol inhibido. Es un refrigerante de motor, anticorrosivo y elevador del punto de ebullición. desarrollado especialmente para ser utilizado en motores de gasolina. </p>\r\n<p>REFRIGERANTE FIAT, usa como fluido base glicoles y como inhibidores de corrosión sales inorgánicas que prolongan y mejoran la protección sobre metales usados frecuentemente en el sistema de enfriamiento del motor, incluido el aluminio, cobre, estaño, bronce, acero, hierro.</p>\r\n<p>REFRIGERANTE FIAT, cumple con las normas ASTM D-1384, ASTM D-4340, ASTM D-2570, ASTM D-3306.</p>', 5, 4, 'productos/img/automotriz/galon_fiat.png'),
('105J5HG', 'REFRIGERANTE HYUNDAI', 'Refrigerante Sugerido para Vehículos Hyundai Es un refrigerante de motor, anticorrosivo y elevador del punto de ebullicion. Desarrollado Especialmente para ser utilizado en motores de gasolina que usa como fluido base glicoles, y como inhibidores de corrosion sales inorganicas y acidos policarboxilicos. ', '<p>Refrigerante Sugerido para Vehículos Hyundai Es un refrigerante de motor, anticorrosivo y elevador del punto de ebullicion. Desarrollado Especialmente para ser utilizado en motores de gasolina y gasoil, que usa como fluido base glicoles, y como inhibidores de corrosion sales inorganicas y acidos policarboxilicos que prolongan y mejoran la protección sobre metales usados frecuentemente en el sistema de enfriamiento del motor, incluido el aluminio, cobre, estaño, bronce, acero, hierro.</p>\r\n\r\n<p>Refrigerante Sugerido para Vehículos Hyundai, cumple con las normas ASTM D-1384, ASTM D-4340, ASTM D-2570, ASTM D-3306</p>', 5, 4, 'productos/img/automotriz/galon_hyundai.png'),
('105J5HO', 'REFRIGERANTE HONDA', 'Refrigerante Sugerido para Vehículos Honda, ANTIFREEZE COOLANT TYPE 2 Es un refrigerante de motor, anticorrosivo y elevador del punto de ebullicion. Desarrollado Especialmente para ser utilizado en motores de gasolina que usa como fluido base glicoles, y como inhibidores de corrosion sales inorganicas y acidos policarboxilicos.', '<p>Refrigerante Sugerido para Vehículos Honda, ANTIFREEZE COOLANT TYPE 2 Es un refrigerante de motor, anticorrosivo y elevador del punto de ebullicion. Desarrollado Especialmente para ser utilizado en motores de gasolina y gasoil, que usa como fluido base glicoles, y como inhibidores de corrosion sales inorganicas y acidos policarboxilicos que prolongan y mejoran la protección sobre metales usados frecuentemente en el sistema de enfriamiento del motor, incluido el aluminio, cobre, estaño, bronce, acero, hierro.</p>\r\n\r\n<p>Refrigerante Sugerido para Vehículos Honda, ANTIFREEZE COOLANT TYPE 2, cumple con las normas ASTM D-1384, ASTM D-4340, ASTM D-2570, ASTM D-3306</p>', 5, 4, 'productos/img/automotriz/refrigerante_honda.png'),
('105J5MSG', 'REFRIGERANTE MITSUBISHI', 'Refrigerante Sugerido para Vehículos Mitsubishi Es un refrigerante de motor, anticorrosivo y elevador del punto de ebullicion. Desarrollado Especialmente para ser utilizado en motores de gasolina que usa como fluido base glicoles, y como inhibidores de corrosion sales inorganicas y acidos policarboxilicos. ', '<p>Refrigerante Sugerido para Vehículos Mitsubishi Es un refrigerante de motor, anticorrosivo y elevador del punto de ebullicion. Desarrollado Especialmente para ser utilizado en motores de gasolina y gasoil, que usa como fluido base glicoles, y como inhibidores de corrosion sales inorganicas y acidos policarboxilicos que prolongan y mejoran la protección sobre metales usados frecuentemente en el sistema de enfriamiento del motor, incluido el aluminio, cobre, estaño, bronce, acero, hierro.</p>\r\n\r\n<p>Refrigerante Sugerido para Vehículos Mitsubishi, cumple con las normas ASTM D-1384, ASTM D-4340, ASTM D-2570, ASTM D-3306</p>', 5, 4, 'productos/img/automotriz/galon_mitsubishi.png'),
('105J5PGG', 'RADIOX PREMIUM', 'RADIOX PREMIUM, Es un refrigerante de motor, anticorrosivo y elevador del punto de ebullición, especialmente para ser usado en motores de gasolina y diesel, usa como fluido base glicoles y sales organicas como inhibidores de corrosión.', '<p>RADIOX PREMIUM Es un refrigerante de motor, anticorrosivo y elevador del punto de ebullición. Desarrollado especialmente para ser usado en motores de gasolina y diesel, RADIOX PREMIUM usa como fluido base glicoles y como inhibidores de corrosión sales orgánicas y fosfatos que prolongan y mejoran la protección sobre los metales usados frecuentemente en el sistema de efriamiento del motor , incluido el aluminio, cobre, estaño, bronce, acero, hierro.</p>\r\n\r\n<p>RADIOX PREMIUM No contiene boratos ni silicatos, RADIOX PREMIUM cumple con las normas ASTM D-1384, ASTM D-4340, ASTM D-2570, ASTM D-3306, JIS K-2234.</p>', 5, 4, 'productos/img/automotriz/galon_radiox_premium.png'),
('105J5RG', 'RADIOX PLUS(HOAT-50)', 'RADIOX PLUS HOAT-50, para Vehículos Chrysler Es un refrigerante de motor, anticorrosivo y elevador del punto de ebullicion. Desarrollado Especialmente para ser utilizado en motores de gasolina y gasoil, que usa como fluido base glicoles, y como inhibidores de corrosion sales inorganicas y acidos policarboxilicos.', '<p>RADIOX PLUS HOAT-50 Es un refrigerante de motor, anticorrosivo y elevador del punto de ebullicion. Desarrollado Especialmente para ser utilizado en motores de gasolina y gasoil, que usa como fluido base glicoles, y como inhibidores de corrosion sales inorganicas y acidos policarboxilicos que prolongan y mejoran la protección sobre metales usados frecuentemente en el sistema de enfriamiento del motor, incluido el aluminio, cobre, estaño, bronce, acero, hierro.</p>\r\n<p>RADIOX PLUS HOAT-50 cumple con las normas ASTM D-1384, ASTM D-4340, ASTM D-2570, ASTM D-3306</p>', 5, 4, 'productos/img/automotriz/galon_radiox_plus_hoat50.png'),
('105J5VG', 'RADIOX PLUS-50', 'RADIOX PLUS 50, para Vehículos Chrysler Es un refrigerante de motor, anticorrosivo y elevador del punto de ebullicion. Desarrollado Especialmente para ser utilizado en motores de gasolina, que usa como fluido base glicoles, y como inhibidores de corrosion sales inorganicas. ', 'RADIOX PLUS-50, para Vehículos Chrysler Es un refrigerante de motor, anticorrosivo y elevador del punto de <p>ebullicion. Desarrollado Especialmente para ser utilizado en motores de gasolina, que usa como fluido base glicoles, y como inhibidores de corrosion sales inorganicas que prolongan y mejoran la protección sobre metales usados frecuentemente en el sistema de enfriamiento del motor, incluido el aluminio, cobre, estaño, bronce, acero, hierro.</p>\r\n<p>RADIOX PLUS HOAT-50 cumple con las normas ASTM D-1384, ASTM D-4340, ASTM D-2570, ASTM D-3306</p>', 5, 4, 'productos/img/automotriz/galon_radiox_plus50.png'),
('110J5RG', 'RADIOX HEAVY-DUTY', 'RADIOX HEAVY DUTY 50, Es un refrigerante de motor premezclado al 50% con agua previamente tratada, ha sido desarrollado especialmente para ser empleado en el circuito de enfriamiento de motores de equipos pesados accionados con gasolina, diesel o gas.', '<p>RADIOX HEAVY DUTY-50 VERDE Es un refrigerante de motor premezclado al 50% con agua previamente tratada. </p>\r\n<p>RADIOX HEAVY DUTY-50 Ha sido desarrollado especialmente para ser empleado en el circuito de enfriamiento de motores de equipos pesados accionados con gasolina diesel o gas.</p>\r\n<p>RADIOX HEAVY DUTY-50 VERDE Ha sido formulado empleando como liquido base glicoles, como inhibidores de corrosión compuestos orgánicos e inorgánicos , ademas de dispersantes y estabilizantes que le confieren caracteristicas excepcionales, tales como tener un punto de ebullición superior al del agua, un punto de congelación inferior al del agua, asi como proteger contra la corrosión y la incrustación los metales expuestos a este producto.</p>\r\n<p>Radiox Heavy Duty-50, cumple con las normas ASTM D-6210, ASTM D-4985, ASTM D-1384, ASTM D-4340 e ICONTEC NTC 3592, al igual que con las normas japonesas JIS K-2234 y TMC RP-329 A.</p>', 5, 4, 'productos/img/automotriz/galon_heavyduty.png'),
('111J5TG', 'REFRIGERANTE TOYOTA', 'Refrigerante Sugerido para Vehículos Toyota Es un refrigerante de motor, anticorrosivo y elevador del punto de ebullicion. Desarrollado Especialmente para ser utilizado en motores de gasolina que usa como fluido base glicoles, y como inhibidores de corrosion sales inorganicas y acidos policarboxilicos. ', '<p>Refrigerante Sugerido para Vehículos Toyota Es un refrigerante de motor, anticorrosivo y elevador del punto de ebullicion. Desarrollado Especialmente para ser utilizado en motores de gasolina y gasoil, que usa como fluido base glicoles, y como inhibidores de corrosion sales inorganicas y acidos policarboxilicos que prolongan y mejoran la protección sobre metales usados frecuentemente en el sistema de enfriamiento del motor, incluido el aluminio, cobre, estaño, bronce, acero, hierro.</p>\r\n<p>Refrigerante Sugerido para Vehículos Toyota, cumple con las normas ASTM D-1384, ASTM D-4340, ASTM D-2570, ASTM D-3306</p>', 5, 4, 'productos/img/automotriz/galon_toyota.png'),
('112J4RG-RNL', 'RENAULT BOUTIQUE', 'RENAULT BOUTIQUE, Es un refrigerante de motor, anticorrosivo y elevador del punto de ebullición, especialmente para ser usado en motores de gasolina, usa como fluido base glicoles y como inhibidores de corrosión una mezcla balanceada de compuestos orgánicos.', '<p>RENAULT BOUTIQUE Es un refrigerante de motor, anticorrosivo y elevador del punto de ebullición. Desarrollado especialmente para ser usado en el sistema de enfriamiento de motores que funcionan con gasolina, RENAULT BOUTIQUE usa como fluido base glicoles que mantienen lubricadas las paredes de la bomba y como inhibidores de corrosión una mezcla balanceada de compuestos orgánicos, que prolongan la vida útil de los metales empleados en el sistema de efriamiento del motor , incluido el aluminio, cobre, estaño, bronce, acero, hierro.</p>\r\n\r\n<p>RENAULT BOUTIQUE Cumple con la especificación de materiales de CCI Corporation Número 20988, así como las normas ASTM D-1384, ASTM D-4340, ASTM D-2570, ASTM D-3306</p>', 5, 4, 'productos/img/automotriz/galon_renault.png'),
('112J4UG', 'REFRIGERANTE UNIVERSAL', 'REFRIGERANTE UNIVERSAL, Anticongelante de motor tipo glicol inhibido. Es un refrigerante de motor, anticorrosivo y elevador del punto de ebullición. Desarrollado especialmente para ser usado en motores de gasolina.', '<p>REFRIGERANTE UNIVERSAL es refrigerante de motor, anticorrosivo y elevador del punto de ebullición. Desarrollado especialmente para ser utilizado en motores de gasolina y diesel, UNIVERSAL usa como fluido base glicoles y como inhibidores de corrosión sales orgánicas y fosfatos que prolongan y mejoran la protección sobre los metales usados frecuentemente en el sistema de enfriamiento del motor, incluido el aluminio, cobre, estaño, bronce, acero, hierro.</p>\r\n<p>REFRIGERANTE UNIVERSAL no contiene boratos, ni silicatos. REFRIGERANTE UNIVERSAL cumple con las normas ASTM D-1384, ASTM D-4340, ASTM D-2570, ASTM D-3306.</p>', 5, 4, 'productos/img/automotriz/galon_universal.png'),
('114J5G-IVC', 'REFRIGERANTE IVECO', 'Refrigerante para Vehículos de Carga IVECO Es un producto premezclado al 50% con agua desionizada, formulado especialmente para ser empleado en el circuito de refrigeracion de motores para vehiculos que funcionan con gasolina o gasoil. ', '<p>Refrigerante para Vehículos de Carga IVECO Es un producto premezclado al 50% con agua desionizada, formulado especialmente para ser empleado en el circuito de refrigeracion de motores para vehiculos que funcionan con gasolina o gasoil. Emplea como liquido base glicoles y como inhibidores de corrosión e incrustación una mezcla balanceada de productos organicos e inorganicos que protegen contra la oxidacion y oxidacion de depósitos los metales de que esta hecho el sistema de efriamiento. No contiene nitritos, ni aminas, ni fosfatos.</p>\r\n\r\n<p>Refrigerante para Vehículos de Carga IVECO, cumple con las normas ASTM D-6210, ASTM D-4985, ASTM D-1384, ASTM D-4340 e ICONTEC NTC 3592.</p>', 5, 4, 'productos/img/automotriz/galon_iveco.png'),
('114J5RG', 'RADIOX NAPFREE-50', 'RADIOX NAP FREE-50, Es un producto premezclado al 50% con agua desionizada, formulado especialmente para ser empleado en el circuito de refrigeración de motores para vehículos que funcionan con gasolina o gas oil.', '<p>RADIOX NAP FREE-50 Es un producto premezclado al 50% con agua desionizada, formulado especialmente en el circuito de refrigeración de motores para vehículos pesados que funcionan con gasolina o gasoil. Emplea como liquido base glicoles y como inhibidores de corrosión organicos e inorganicos que protegen contra la oxidación y la incrustación los metales de que esta hecho el sistema de enfriamiento. No contiene nitritos, ni aminas, ni fosfatos.</p>\r\n<p>Radiox Nap Free-50, cumple con las normas ASTM D-6210, ASTM D-4985, ASTM D-1384, ASTM D-4340 e ICONTEC NTC 3592, al igual que con las normas japonesas JIS K-2234 y TMC RP-329 A.</p> ', 5, 4, 'productos/img/automotriz/galon_napfree50.png'),
('130LRTG', 'REFRI TAXI', 'REFRITAXI, Es un inhibidor de corrosión especialmente desarrollado para ser usado en lugar de agua en el circuito de refrigeración del sistema de enfriamiento de motores de gasolina y diesel.', '<p>REFRITAXI Es un inhibidor de corrosión especialmente desarrollado para ser usado en lugar de agua, en el circuito de refrigeración del sistema de enfriamiento de motores de gasolina y motores diesel.</p>\r\n<p>REFRITAXI usa como fluido base agua-glicol y como inhibidores de corrosión sales orgánicas e inorgánicas que protegen los metales usados con mayor frecuencia en el sistema de enfriamiento del motor, incluidos, aluminio, cobre, estaño, bronce, hierro y acero.</p>\r\n<p>REFRITAXI cumple con las normas ASTM D-1384, ASTM D-4340, ASTM D-2570, ASTM D-3306</p>', 5, 3, 'productos/img/automotriz/galon_refritaxi.png'),
('135LRCG', 'REFRI CARGA', 'REFRICARGA, Es un inhibidor de corrosión especialmente desarrollado para ser usado en lugar de agua en el circuito de refrigeración del sistema de enfriamiento de motores de gasolina y diesel.', '<p>REFRICARGA Es un inhibidor de corrosión especialmente desarrollado para ser usado en lugar de agua, en el circuito de refrigeración del sistema de enfriamiento de motores de gasolina y motores diesel.</p>\r\n<p>REFRICARGA usa como fluido base agua-glicol y como inhibidores de corrosión sales orgánicas e inorgánicas que protegen los metales usados con mayor frecuencia en el sistema de enfriamiento del motor, incluidos, aluminio, cobre, estaño, bronce, hierro y acero.</p>\r\n<p>REFRICARGA cumple con las normas ASTM D-1384, ASTM D-4340, ASTM D-2570</p>', 5, 3, 'productos/img/automotriz/galon_refricarga.png'),
('135LXCG', 'FREEDOX COOLANT', 'FREEDOX COOLANT, Es un aditivo desarrollado con tecnología de punta, en el que se emplean ácidos organicos como inhibidores de corrosión, que protegen contra los efectos nocivos de la oxidación.', '<p>FREEDOX COOLANT, Es un aditivo desarrollado con tecnología de punta, en el que se emplean ácidos orgánicos como inhibidores de corrosión, que protegen contra los efectos nocivos de la oxidación a los metales más emmpleados en el sistema de enfriamiento del motor, incluidos aluminio, cobre, estaño, bronce, acero, hierro.</p>\r\n<p>FREEDOX COOLANT, Puede ser empleado en el sistema de enfriamiento de motores estacionarios o automotores que funcionen con gasolina o diesel.</p>\r\n<p>FREEDOX COOLANT, Cubre los requerimientos de servicio establecidos en las normas ASTM D-1384, ASTM D-1881, ASTM D-1882, ASTM D-2570, ASTM D-4340</p>\r\n<p>FREEDOX COOLANT, Protege durante 25.000 Kilometros, prolongando la vida útil del sistema de enfriamiento del motor de su vehiculo.</p>', 5, 3, 'productos/img/automotriz/galon_freedox.png'),
('142AG', 'LIMPIACRISTALES VIDRIOX', 'VIDRIOX, Es un producto neutro desarrollado, principalmente para limpiar y desengrasar el parabrisas de cualquier tipo de vehiculo. Ha sido formulado con dispersantes que evitan el taponamiento de las boquillas.', '<p>VIDRIOX, Es un producto neutro desarrollado, principalmente para limpiar y desengrasar el parabrisas de cualquier tipo de vehículo.</p>\r\n<p>VIDRIOX, Ha sido formulado con dispersantes que evitan el taponamiento de las boquillas, con tenso activos que facilitan la limpieza, con microbicidas que evita la descomposición del líquido dentro del tanque de almacenamiento del limpiaparabrisas, con acondicionadores de pH que lo mantienen neutro, con el fin de evitar daños en la pintura y otras autopartes expuestas al líquido.</p>\r\n<p>VIDRIOX, Puede ser empleado en la limpieza de ventanas, espejos y superficies de vidrio,fórmica y porcelana.</p>\r\n', 5, 1, 'productos/img/automotriz/galon_vidriox.png'),
('EXRO222', 'EXRO 222', 'EXRO 222, Es un detergente a base de agua, totalmente neutro, lo que permite su aplicacion en cualquier tipo de superficie o material sin afectarlo ni atacarlo.', '<p>EXRO 222, Es un detergente a base de agua, totalmente neutro lo que permite su aplicacion en cualquier tipo de superficie o material sin afectarlo ni atacarlo. EXRO 222, No afecta los metales, no daña la pintura, cauchos, empaques. Remueve eficazmente la suciedad.</p>', 1, NULL, ''),
('EXRO223', 'EXRO 223', 'El limpiador y desengrasante EXRO 223, es un producto liquido a base de agua de facíl manejo y aplicación.', '<p>El limpiador y desengrasante EXRO 223, es un producto liquido a base de agua de facil manejo y aplicación.</p>', 1, NULL, ''),
('EXRO290', 'EXRO 290', 'EXRO 290, Es un producto que emplea como liquido base agua, este producto fue desarrollado con el proposito de limpiar y remover depositos de grasas carbonatadas, adheridas sobre camaras y bloques cámaras de automotores y motores estacionarios.', '<p>EXRO 290, Es un producto que emplea como liquido base agua, este producto fue desarrollado con el proposito de limpiar y remover depositos de grasas carbonatadas, adheridas sobre bloques y cámaras de automotores y motores estacionarios</p> <p>Tambien es empleado con exito en la limpieza de áreas de trabajo que se ensucian con aceites y grasas.</p>', 1, NULL, ''),
('EXRO614', 'EXRO 614', 'EXRO 614, Es un coagulante cationico no viscoso, utilizado como coagulante primario en el tratamiento de aguas potables e industriales hasta una concentracion de 100ppm.', '<p>EXRO 614, Es un coagulante catiónico no viscoso, utilizado como coagulante primario en el tratamiento de aguas potables e industriales hasta una concentración de 100ppm.</p>\r\n<p>EXRO 614, Es especialmente efectivo en la clarificación de aguas de baja turbulencia y alta coloración.</p>', 2, NULL, ''),
('EXRO660', 'EXRO 660', 'EXRO 660, Es empleado eficientemente en los procesos de espesamiento y deshidratacion de lodos, asi como el tratamiento de aguas residuales, en especial cuando el floc esta expuesto a alto rompimiento.', '<p>EXRO 660, Es una poliacrilamida no iónica de alto peso molecular.</p>\r\n<p>EXRO 660, Es empleado eficientemente en los procesos de espesamiento y deshidratacion de lodos, asi como en el tratamiento de aguas residuales , en especial cuando el floc está expuesto a alto rompimiento.</p>\r\n<p>EXRO 660 Presenta una excelente retención coloidal y máxima fortaleza del floc. Tiene aplicación en efluentes de las industrias avícolas ,pulpa de papel, minería y gravilleras.</p>', 2, NULL, ''),
('EXRO663MA', 'EXRO 663MA', 'EXRO 663MA, Es una poliacrilamida de muy alto peso molecular de caracter aniónico, utilizado eficientemente en los procesos de espesamiento y deshidratacion de lodos, aguas residuales y como floculante en la clarificación para aguas potables.', '<p>EXRO 663MA, Es una poliacrilamida de muy alto peso molecular de carácter aniónico, utilizado eficientemente en los procesos de espesamiento y deshidratación de lodos, aguas residuales y como floculante en la clarificación para aguas potables, en especial cuando el floc está expuesto a alto rompimiento.</p>\r\n<p>EXRO 663MA, Presenta una excelente retención coloidal y máxima fortaleza del floc. Tiene aplicación en efluentes de las industrias avícolas, pulpa de papel, imprentas, mineras, entre otros.</p>', 2, NULL, ''),
('EXRO740', 'EXRO 740', 'EXRO 740, HIPOCLORITO DE SODIO, es un producto especialmente formulado, para controlar el crecimiento de los microorganismos y depositos de algas en los sistemas de recirculacion de agua de enfriamiento en la industria.', '<p>HIPOCLORITO DE SODIO, es un producto especialmente formulado para controlar el crecimiento de los microorganismos y el depósito de algas en los sistemas de recirculación de agua de enfriamiento en la industria.</p>', 3, NULL, ''),
('EXRO748', 'EXRO 748', 'EXRO 748, Es un producto alcalino con base glutaraldeído utilizado como microbicida y alguicida en sistemas de enfriamiento, en el tratamiento de aguas de tanques y piscinas de almacenamiento donde es necesario controlar el desarrollo de algas y microorganismos.', '<p>EXRO 748, Es un producto alcalino con base glutaraldeído utilizado como microbicida y alguicida en sistemas de enfriamiento.</p>\r\n<p>EXRO 748, también es usado en el tratamiento de aguas de tanques y piscinas de almacenamiento donde es necesario controlar el desarrollo de algas y microorganismos.</p>\r\n<p>EXRO 748, funciona en un amplio rango de pH y temperatura. Es especialmente eficiente en el control de algas y de bacterias sulforeductoras.</p>\r\n<p>EXRO 748, controla el desarrollo de organismos anaeróbicos. Su utilizacion permite limpiar sistemas que se encuentran biológicamente sucios.</p>', 3, NULL, ''),
('EXRO760', 'EXRO 760', 'EXRO 760, Es un producto multifuncional que provee un buen control de los solidos en suspensión en los sistemas de enfriamiento y evita la formación de incrustaciones. Está formulado con inhibidores de corrosión que protege el cobre y sus aleaciones.', '<p>EXRO 760, Es un producto multifuncional que provee un buen control de los sólidos y evita la formación de incrustaciones. Está formulado con inhibidores de corrosión, que ofrece un buen control de los depósitos de incrustación y corrosión bajo condiciones severas de operación.</p><p>EXRO 760, Es una mezcla sinergética de polímeros aniónicos e inhibidores de corrosión, que ofrece un buen control de los depósitos de incrustación y corrosión bajo condiciones severas de operación.</p>\r\n<p>EXRO 760 Está recomendado para ser usado en sistemas de alto contenido de sólidos en suspensión, los cuales ataquen.</p>\r\n<p>EXRO 760, No debe ser usado en sistemas de aguas potables.</p>', 3, NULL, ''),
('EXRO770', 'EXRO 770', 'EXRO 770, Es un producto desarrollado especialmente para ser empleado en sistemas de enfriamiento; como dispersante de solidos en suspension y como inhibidor en la formacion de incrustaciones minerales.', '<p>EXRO 770, Es un producto desarrollado especialmente para ser empleado en sistemas de enfriamiento; como dispersante de sólidos en suspensión y como inhibidor en la formación de incrustaciones minerales.</p>\r\n<p>EXRO 770, Mantiene limpia las superficies metálicas, permitiendo una eficiente transferencia de calor. Es especialmente efectivo para dispersar hidróxido de hierro precipitado.</p>\r\n<p>EXRO 770, Debe ser empleado solamente en el tratamiento de aguas industriales, no debe ser usado para tratar aguas potables.</p><p>EXRO 770 no causa corrosión sobre las superficies de los metales comúnmente empleados en la fabricación de sistemas de enfriamiento convencionales.</p>', 3, NULL, ''),
('EXRO820LNI', 'EXRO 820L(Ni)', 'EXRO 820-L(Ni), Ha sido desarrollado para controlar la corrosión causada por el oxigeno disuelto presente en el agua empleada en sistemas de producción de vapor.', '<p>EXRO820-L(Ni) Es un secuestrante de oxígeno, del tipo sulfito de sodio catalizado y estabilizado.</p>\r\n<p>EXRO820-L(Ni) Reacciona 500 veces más rápido que el sulfito de sodio comercial.</p>\r\n<p>EXRO820-L(Ni) Ha sido desarrollado para controlar la corrosión causada por el oxigeno disuelto presente en el agua empleada en sistemas de producción de vapor.</p>\r\n<p>EXRO820-L(Ni) Ayuda a controlar la corrosión causada por el oxigeno en los sistemas de condensado.</p>', 4, NULL, ''),
('EXRO840', 'EXRO 840', 'EXRO 840, Es una combinacion de polifosfatos orgánicos que se utiliza en el tratamiento de agua de alimentación de calderas, con contenidos de dureza no mayores de 60ppm, y concentraciones de sílice por encima de 20ppm.', '<p>EXRO 840, Es un producto desarrollado para ser utilizado en calderas que operen por debajo de 600 libras de presión.</p>\r\n<p>EXRO 840, Ha sido formulado con polifosfatos orgánicos, con acondicionadores de de lodos y sílice, los cuales proveen un efectivo control en aguas de alimentación de calderas, con contenido de sílice mayores a 20ppm.</p>\r\n<p>EXRO 840, Es una combinación de polifosfatos orgánicos que se utiliza en el tratamiento de agua de alimentación de calderas, con contenidos de dureza no mayores de 60ppm y concentraciones de sílice por encima de 20ppm.</p>\r\n<p>EXRO 840, Contiene acondicionadores orgánicos de lodos y de pH. por sus caracteristicas EXRO 840 reduce la formación de incrustaciones , haciendo que estas se presenten como lodos muy blandos que pueden ser fácilmente removidos con las purgas.</p>', 4, NULL, ''),
('EXRO840L', 'EXRO 840-L', 'EXRO 840-L, Es un producto en base a polifosfatos organicos , formulado especialmente con acondicionadores de dureza y sílice, los cuales proveen un efectivo control en aguas de alimentacion de calderas, con alto contenido de silicatos, mayor a 20ppm como SiO2', '<p>EXRO 840-L, Es un producto en base a polifosfatos organicos, formulado especialmente con acondicionadores de dureza y sílice, los cuales proveen un efectivo control en aguas de alimentación de calderas, con alto contenido de silicatos, mayor a 20ppm como SiO2.</p>\r\n<p>EXRO 840-L, Debe ser utilizado en calderas que operen por debajo de 600 libras de presión.</p>\r\n<p>EXRO 840-L, Es una combinación de polifosfatos orgánicos que se utilizan para el tratamiento de agua de alimentación de calderas, que tengan una dureza maxima de 100ppm, una concentración de sílice por encima de 20ppm y donde el vapor se usa en forma directa. Por sus caracteristicas EXRO 840-L, acondiciona los sólidos formados durante la operación de la caldera, permitiendo que sean fácilmente removidos con las purgas.</p>', 4, NULL, ''),
('EXRO860', 'EXRO 860', 'EXRO 860, Es un producto en base a polifosfatos organicos, formulado especialmente con acondicionadores de dureza y sílice, los cuales proveen un efectivo control en aguas de alimentación de calderas con alto contenido de silicatos 30ppm', '<p>EXRO 860, Es un producto en base a polifosfatos organicos, formulado especialmente con acondicionadores de dureza y sílice, los cuales proveen un efectivo control en aguas de alimentación de calderas, con alto contenido de silicatos(30ppm)</p>\r\n<p>EXRO 860, Debe ser utilizado en calderas que operen por debajo de 600 libras de presión.</p>\r\n<p>EXRO 860, Es una combinación de polifosfatos orgánicos que se utilizan para el tratamiento de agua de alimentación de calderas, que tengan una dureza maxima de 60ppm, una concentración de sílice por encima de 20ppm y donde el vapor se usa en forma directa. Por sus caracteristicas EXRO 860, Hace que las incrustaciones sean blandas permitiendo que sean removidas con las purgas.</p>', 4, NULL, ''),
('EXRO860L', 'EXRO 860-L', 'EXRO 860-L, Es un producto en base a polifosfatos organicos, formulado especialmente con acondicionadores de dureza y sílice, los cuales proveen un efectivo control en aguas de alimentación de calderas, con alto contenido de silicatos, mayor a 20ppm como SiO2', '<p>EXRO 860-L, Es un producto en base a polifosfatos organicos, formulado especialmente con acondicionadores de dureza y sílice, los cuales proveen un efectivo control en aguas de alimentación de calderas, con alto contenido de silicatos, mayor a 20ppm como SiO2.</p>\r\n<p>EXRO 860-L, Debe ser utilizado en calderas que operen por debajo de 600 libras de presión.</p>\r\n<p>EXRO 860-L, Es una combinación de polifosfatos orgánicos que se utilizan para el tratamiento de agua de alimentación de calderas, que tengan una dureza maxima de 100ppm, una concentración de sílice por encima de 20ppm y donde el vapor se usa en forma directa. Por sus caracteristicas EXRO 860-L, acondiciona los sólidos formados durante la operación de la caldera, permitiendo que sean fácilmente removidos con las purgas.</p>', 4, NULL, ''),
('EXRO889', 'EXRO 889', 'EXRO 889, Es un producto desarrollado con una mezcla selecta de agentes acondicionadores de silice, dureza .Ph y secustrante de oxígeno, para usar en calderas que operan a presiones no mayores a 150psig.', '<p>EXRO 889, Es un producto desarrollado con una mezcla selecta de agentes acondicionadores de sílice, dureza pH y secuestrante de oxígeno, para ser utilizado en calderas que operan a presiones no mayores a 150psig y cuya función es producir agua caliente o vapor sobresaturado.</p>\r\n<p>EXRO 889, Secuestra la dureza y el oxigeno presente en el agua, acondiciona la sílice, el pH y mantiene limpias las superficies metálicas del sistema de producción de vapor.</p>', 4, NULL, '');

-- --------------------------------------------------------

--
-- Estructura de tabla para la tabla `producto_presentacion`
--

CREATE TABLE IF NOT EXISTS `producto_presentacion` (
  `id` int(11) NOT NULL AUTO_INCREMENT,
  `codigo_producto` varchar(20) COLLATE utf8_spanish_ci NOT NULL,
  `id_presentacion` int(10) DEFAULT NULL,
  PRIMARY KEY (`id`),
  KEY `codigo_producto` (`codigo_producto`),
  KEY `id_presentacion` (`id_presentacion`)
) ENGINE=InnoDB  DEFAULT CHARSET=utf8 COLLATE=utf8_spanish_ci AUTO_INCREMENT=89 ;

--
-- Volcado de datos para la tabla `producto_presentacion`
--

INSERT INTO `producto_presentacion` (`id`, `codigo_producto`, `id_presentacion`) VALUES
(1, 'EXRO222', 4),
(2, 'EXRO222', 8),
(3, 'EXRO222', 17),
(4, 'EXRO223', 3),
(5, 'EXRO223', 7),
(6, 'EXRO223', 16),
(7, 'EXRO223', 22),
(8, 'EXRO290', 4),
(9, 'EXRO290', 8),
(10, 'EXRO290', 18),
(11, '102LGL', 13),
(12, '102LGL', 12),
(13, '103G', 13),
(14, '103G', 12),
(15, '103G', 3),
(16, '103G', 7),
(17, '103G', 16),
(18, '105J5FRG', 13),
(19, '105J5FRG', 12),
(20, '110J5RG', 13),
(21, '110J5RG', 12),
(22, '110J5RG', 7),
(23, '110J5RG', 16),
(24, '112J4UG', 12),
(25, '112J4UG', 7),
(26, '112J4UG', 16),
(27, '130LRTG', 12),
(28, '130LRTG', 7),
(29, '130LRTG', 16),
(30, '135LRCG', 12),
(31, '135LRCG', 7),
(32, '135LRCG', 16),
(33, '135LXCG', 12),
(34, '135LXCG', 3),
(35, '135LXCG', 7),
(36, '135LXCG', 16),
(37, '135LXCG', 22),
(38, '142AG', 13),
(39, '142AG', 12),
(40, '142AG', 3),
(41, '142AG', 7),
(42, '142AG', 16),
(43, '142AG', 22),
(44, 'EXRO614', 7),
(45, 'EXRO614', 16),
(46, 'EXRO614', 22),
(47, 'EXRO660', 14),
(48, 'EXRO663MA', 14),
(49, 'EXRO740', 11),
(50, 'EXRO740', 21),
(51, 'EXRO748', 1),
(52, 'EXRO760', 18),
(53, 'EXRO760', 20),
(54, 'EXRO770', 9),
(55, 'EXRO770', 19),
(56, 'EXRO820LNI', 7),
(57, 'EXRO820LNI', 16),
(58, 'EXRO840', 5),
(59, 'EXRO840L', 7),
(60, 'EXRO840L', 16),
(61, 'EXRO860', 5),
(62, 'EXRO860L', 7),
(63, 'EXRO860L', 16),
(64, 'EXRO889', 7),
(65, 'EXRO889', 16),
(66, '114J5RG', 12),
(67, '114J5RG', 13),
(68, '114J5RG', 7),
(69, '114J5RG', 15),
(70, '105J4G', 12),
(71, '105J4G', 13),
(72, '105J4G', 3),
(73, '105J4G', 7),
(74, '105J4G', 16),
(75, '105J5PGG', 12),
(76, '105J5PGG', 13),
(77, '105J5PGG', 3),
(78, '105J5PGG', 7),
(79, '105J5PGG', 16),
(80, '105J5RG', 12),
(81, '105J5VG', 12),
(82, '111J5TG', 12),
(83, '105J5HG', 12),
(84, '114J5G-IVC', 12),
(85, '105J5MSG', 12),
(86, '105J5HO', 13),
(87, '112J4RG-RNL', 12),
(88, '105J5FDG', 12);

-- --------------------------------------------------------

--
-- Estructura de tabla para la tabla `propiedades`
--

CREATE TABLE IF NOT EXISTS `propiedades` (
  `codigo` varchar(20) COLLATE utf8_spanish_ci NOT NULL,
  `color` varchar(50) COLLATE utf8_spanish_ci DEFAULT NULL,
  `apariencia` varchar(50) COLLATE utf8_spanish_ci DEFAULT NULL,
  `olor` varchar(50) COLLATE utf8_spanish_ci DEFAULT NULL,
  `ph` varchar(50) COLLATE utf8_spanish_ci DEFAULT NULL,
  `gravedad_especifica` varchar(50) COLLATE utf8_spanish_ci DEFAULT NULL,
  `alcalinidad_de_reserva` varchar(50) COLLATE utf8_spanish_ci DEFAULT NULL,
  `punto_de_ebullicion` varchar(50) COLLATE utf8_spanish_ci DEFAULT NULL,
  `punto_de_congelacion` varchar(50) COLLATE utf8_spanish_ci DEFAULT NULL,
  `formacion_de_espuma` varchar(50) COLLATE utf8_spanish_ci DEFAULT NULL,
  `volumen_de_espuma` varchar(50) COLLATE utf8_spanish_ci DEFAULT NULL,
  `tiempo_de_ruptura` varchar(50) COLLATE utf8_spanish_ci DEFAULT NULL,
  `caracter_ionico` varchar(50) COLLATE utf8_spanish_ci DEFAULT NULL,
  `solubilidad_en_agua` varchar(50) COLLATE utf8_spanish_ci DEFAULT NULL,
  `contenido_de` varchar(50) COLLATE utf8_spanish_ci DEFAULT NULL,
  `refraccion` varchar(50) COLLATE utf8_spanish_ci DEFAULT NULL,
  `contenido_de_fosfatos` varchar(50) COLLATE utf8_spanish_ci DEFAULT NULL,
  PRIMARY KEY (`codigo`)
) ENGINE=InnoDB DEFAULT CHARSET=utf8 COLLATE=utf8_spanish_ci;

--
-- Volcado de datos para la tabla `propiedades`
--

INSERT INTO `propiedades` (`codigo`, `color`, `apariencia`, `olor`, `ph`, `gravedad_especifica`, `alcalinidad_de_reserva`, `punto_de_ebullicion`, `punto_de_congelacion`, `formacion_de_espuma`, `volumen_de_espuma`, `tiempo_de_ruptura`, `caracter_ionico`, `solubilidad_en_agua`, `contenido_de`, `refraccion`, `contenido_de_fosfatos`) VALUES
('102LGL', 'Azúl', 'Liquido Traslúcido', 'Limón', '25° C 1.04 a 1.06', NULL, NULL, NULL, NULL, NULL, NULL, NULL, NULL, NULL, NULL, NULL, NULL),
('103G', 'Amarillo', 'Liquido Traslúcido', 'Floral', '25°C 7.0 a 1.0', '20°C 1.03 a 0.005', NULL, NULL, NULL, NULL, NULL, NULL, NULL, NULL, NULL, NULL, NULL),
('105J4G', 'Verde Esmeralda', 'Liquido Translúcido', NULL, ' 25°C 8.00 ± 0.5', '15°C 1.055 ± 0.005', 'Mín. 5.00', '°C 760 mmHg: 	Mín. 105', NULL, NULL, NULL, NULL, NULL, NULL, NULL, NULL, NULL),
('105J5FDG', 'Amarillo Claro', 'Liquido Traslúcido', NULL, '7.00 a 10.00', '15°C 1.066 a 1.076', 'Min. 8.0', '°C 760 mmHg: Min. 108', NULL, '', 'Ml. Máx. 50', ' seg. Máx. 5', NULL, NULL, NULL, NULL, NULL),
('105J5FRG', 'Verde Esmeralda / Naranja', 'Liquido Traslúcido', NULL, '7.5 a 8.5', '15°C 1.071 a 0.005', 'ml Min. 105', '°C 760 mmHg Min. 105', 'Max. -37', NULL, NULL, NULL, NULL, NULL, NULL, NULL, NULL),
('105J5HG', 'Verde', 'Liquido Traslúcido', NULL, '25°C 8.00 a 9.00', '15°C 1.066 a 1.076', 'Min. 6.0', '°C, 15 psi, 14 kPa: Min. 129', NULL, NULL, 'Ml. Máx. 50', 'seg. Máx. 5', NULL, NULL, NULL, NULL, NULL),
('105J5HO', 'Azúl', 'Liquido Traslúcido', NULL, '25°C 7.50 a 9.50', '15°C 1.066 a 1.076', 'Min. 5.0', '°C 760 mmHg: Min. 108', '°C: Máx. -37', NULL, NULL, NULL, NULL, NULL, NULL, NULL, NULL),
('105J5MSG', 'Verde Esmeralda', 'Liquido Traslúcido', NULL, '25°C 8.00 a 9.00', '15°C 1.066 a 1.076', 'Min. 6.0', '°C 760 mmHg: Min. 108', NULL, 'Ml. Máx. 50', 'seg. Máx. 5', NULL, NULL, NULL, NULL, NULL, NULL),
('105J5PGG', 'Naranja Fluorescente', 'Liquido Traslúcido', NULL, '25°C 8.00 ± 0.5', '15°C 1.055 ± 0.005', 'Mín. 5.00', '°C 760 mmHg: Mín. 105', NULL, NULL, NULL, NULL, NULL, NULL, NULL, NULL, NULL),
('105J5RG', 'Naranja Fluorescente', 'Liquido Traslúcido', NULL, '25°C 8.00 ± 0.50', '15°C 1.071 ± 0.005', 'Min. 5.0', '°C 760 mmHg: Min. 105', NULL, NULL, NULL, NULL, NULL, NULL, NULL, NULL, NULL),
('105J5VG', 'Verde Esmeralda', 'Liquido Traslúcido', NULL, '25°C 7.5 a 11.00', '15°C Mín. 1.066', 'Min. 6.0', '°C 760 mmHg: Min. 105', NULL, NULL, NULL, NULL, NULL, NULL, NULL, NULL, NULL),
('110J5RG', 'Verde Esmeralda / Naranja Fluorescente', 'Liquido Traslúcido', NULL, '50:50 H2O, 25°C 8.5 a 0.5', '15°C 1.07 a 0.01', '5.0 a 8.8', '°C 760 mmHg 109.0 a 1.0', '°C Max. -37', NULL, 'Max. 50', 'Max. 5', NULL, NULL, NULL, NULL, NULL),
('111J5TG', 'Naranja Fluorescente', 'Liquido Traslúcido', NULL, '25°C 8.00 a 9.00', '15°C 1.066 a 1.076', 'Min. 6.0', '°C 760 mmHg: Min. 108', '°C: Máx. -37', 'Ml Máx. 50', NULL, 'seg. 	Máx. 5', NULL, NULL, NULL, NULL, NULL),
('112J4RG-RNL', 'Amarillo Fluorescente', 'Liquido Traslúcido', NULL, ' 25°C 7.5 a 9.0', '15°C Mín 1.060', 'Mín. 5.00', '°C 760 mmHg: Mín. 108', NULL, NULL, NULL, NULL, NULL, NULL, NULL, NULL, NULL),
('112J4UG', 'Verde Esmeralda / Naranja Fluorescente', 'Liquido Traslúcido', 'Floral', '25°C 4.5 a 9.0', '20°C ml: Min. 5.0', 'Min. 1.05', '°C 760 mmHg: Min. 105', NULL, NULL, NULL, NULL, NULL, NULL, NULL, NULL, NULL),
('114J5G-IVC', 'Verde', 'Liquido Traslúcido', NULL, '25°C 7.00 a 9.00', '15°C Mín. 1.065', 'Min. 5.0', '°C 760 mmHg: Min. 108', NULL, NULL, 'Ml. Máx. 20', 'seg. Máx. 5', NULL, NULL, NULL, NULL, NULL),
('114J5RG', 'Naranja / Verde', 'Líquido Traslúcido', NULL, '25 °C 7.00  a 9.00', '15 °C Min. 1.065', 'Min. 5.0', '°C 760 mmHg: 	Min. 108', '°C Máx. -35', NULL, 'Máx. 20', 'Máx. 5', NULL, NULL, NULL, NULL, NULL),
('130LRTG', 'Verde Fluorescente', 'Liquido Traslúcido', NULL, '25°C 8.0 a 10.0', '15°C 1.005 a 1.015', 'Min. 10.0', '°C 760 mmHg: Min. 102', NULL, NULL, NULL, NULL, NULL, NULL, NULL, NULL, NULL),
('135LRCG', 'Verde Fluorescente', 'Liquido Traslúcido', NULL, '25°C 8.0 a 10.0', '15°C 1.005 a 1.017', 'Min. 10.0', '°C 760 mmHg: Min. 102', NULL, NULL, NULL, NULL, NULL, NULL, NULL, NULL, NULL),
('135LXCG', 'Naranja Fluorescente', 'Líquido Traslúcido', NULL, '25°C 8.0 a 10.0', '15°C 1.005 a 1.015', 'Min. 10.0', '°C 760 mmHg: Min. 102', NULL, NULL, NULL, NULL, NULL, NULL, NULL, NULL, NULL),
('142AG', 'Azul Claro', 'Líquido Traslúcido', 'Floral', '25°C 7.0 a 0.5', '20°C 1.005 a 0.005', NULL, NULL, NULL, NULL, NULL, NULL, NULL, NULL, NULL, NULL, NULL),
('EXRO222', 'Azul', 'Liquido', NULL, '25° C 7.0 + 1.0', '20 grados C 1.035 + 0.005', NULL, NULL, NULL, NULL, NULL, NULL, NULL, NULL, NULL, NULL, NULL),
('EXRO223', 'Beige', 'Liquido', NULL, '25°C 12.0 a 13.0', '20 grados C 1.060 a 1.100', NULL, NULL, NULL, NULL, NULL, NULL, NULL, NULL, NULL, NULL, NULL),
('EXRO290', 'Blanco', 'Liquido Opalescente', NULL, '25°C 10.00 a 12.00', '1.045 a 1.085', NULL, NULL, NULL, NULL, NULL, NULL, NULL, NULL, NULL, NULL, NULL),
('EXRO614', NULL, 'Líquido', NULL, '25°C 3.5 a 4.5', '20°C 1.332 a 1.341', NULL, NULL, NULL, NULL, NULL, NULL, 'Catiónico', '100%', NULL, NULL, NULL),
('EXRO660', NULL, 'Sólido Granular', NULL, '(sol. 0.1%) 5.0 a 7.0', NULL, NULL, NULL, NULL, NULL, NULL, NULL, 'No iónico', 'LImitada por la viscosidad', NULL, NULL, NULL),
('EXRO663MA', NULL, 'Sólido Granular', 'Blanco', '(sol. 0.5%) 4 a 9', NULL, NULL, NULL, NULL, NULL, NULL, NULL, 'Aniónico Medio', NULL, NULL, NULL, NULL),
('EXRO740', 'Amarillo', 'Líquido Traslúcido', NULL, '25°C 13.5 a 0.5', '20°C 1.12 a 0.01', NULL, NULL, NULL, NULL, NULL, NULL, NULL, NULL, NULL, NULL, NULL),
('EXRO748', 'Incoloro ó Amarillo Tenue', 'Líquido Traslúcido', NULL, '25°C 2.5 a 5.0', '20°C 1.02 a 1.04', NULL, NULL, NULL, NULL, NULL, NULL, NULL, NULL, NULL, NULL, NULL),
('EXRO760', 'Ambar', NULL, NULL, '25°C 11.5 a 13.0', '20°C 1.11 a 1.125', NULL, NULL, NULL, NULL, NULL, NULL, NULL, NULL, NULL, NULL, NULL),
('EXRO770', 'Amarillo', 'Líquido', NULL, '25°C 6.5 a 8.5', '20°C 1.115 a 1.125', NULL, NULL, NULL, NULL, NULL, NULL, NULL, NULL, NULL, NULL, NULL),
('EXRO820LNI', 'Amarillo Verdoso', 'Líquido Traslúcido', NULL, '25°C 7.5 a 1.0', '20°C 1.19 a 1.22', NULL, NULL, NULL, NULL, NULL, NULL, NULL, '100%', 'Na2 SO3 Minimo 20.0%', 'Mínimo 27.0%', NULL),
('EXRO840', 'Marrón', 'Sólido', NULL, 'Solución al 1% 12.5 a 0.5', NULL, NULL, NULL, NULL, NULL, NULL, NULL, NULL, NULL, NULL, NULL, 'Min. 40%'),
('EXRO840L', 'Incoloro', NULL, NULL, '25°C 12.0 13.0', '20°C 1.115 a 1.125', NULL, NULL, NULL, NULL, NULL, NULL, NULL, NULL, NULL, NULL, 'Min. 10%'),
('EXRO860', 'Blanco', NULL, NULL, '25° C Solución al 1%: 13.0 a 0.5', NULL, NULL, NULL, NULL, NULL, NULL, NULL, NULL, NULL, NULL, NULL, 'Min. 40%'),
('EXRO860L', 'Incoloro', NULL, NULL, '25°C 12.0 a 1.16', '20°C 1.12 a 1.16', NULL, NULL, NULL, NULL, NULL, NULL, NULL, NULL, NULL, '20°C: Min. 15%', 'Min. 10%'),
('EXRO889', 'Incoloro / Amarillo', 'Líquido Traslúcido', NULL, '25°C 10.5 a 12.5', '20°C 1.165 a 1.2', NULL, NULL, NULL, NULL, NULL, NULL, NULL, NULL, NULL, NULL, NULL);

-- --------------------------------------------------------

--
-- Estructura de tabla para la tabla `users`
--

CREATE TABLE IF NOT EXISTS `users` (
  `rif` varchar(11) COLLATE utf8_spanish_ci NOT NULL,
  `email` varchar(100) COLLATE utf8_spanish_ci NOT NULL,
  `razon_social` varchar(200) COLLATE utf8_spanish_ci NOT NULL,
  `pass` varchar(10) COLLATE utf8_spanish_ci NOT NULL,
  `direccion` varchar(200) COLLATE utf8_spanish_ci DEFAULT NULL,
  `telefono` varchar(12) COLLATE utf8_spanish_ci DEFAULT NULL,
  `vendedor` varchar(50) COLLATE utf8_spanish_ci NOT NULL,
  `tipo` varchar(20) COLLATE utf8_spanish_ci NOT NULL,
  `fecha_reg` datetime NOT NULL,
  `act` tinyint(1) NOT NULL,
  PRIMARY KEY (`rif`)
) ENGINE=InnoDB DEFAULT CHARSET=utf8 COLLATE=utf8_spanish_ci;

--
-- Volcado de datos para la tabla `users`
--

INSERT INTO `users` (`rif`, `email`, `razon_social`, `pass`, `direccion`, `telefono`, `vendedor`, `tipo`, `fecha_reg`, `act`) VALUES
('V1111111', 'amcrsanchez@ail.com', 'a', 'a', NULL, NULL, '', 'User', '2016-08-12 11:01:45', 1),
('V12', 'amcrsanchez@mail.com', 'a', '12', NULL, NULL, '', 'User', '2016-08-15 13:27:44', 1),
('V121212', 'amcrsanchez@hotmail.cg', 'a', 'a', NULL, NULL, '', 'User', '2016-08-12 10:21:44', 1),
('V1212121', 'amcrsanchez@mail.co', '12', '121212', NULL, NULL, '', 'User', '2016-08-15 13:29:13', 1),
('V123', 'amcrsanchz@gmail.com', 'asdf', '1', NULL, NULL, '', 'User', '2016-07-25 15:54:24', 1),
('V123123121', 'amil@gmail.com', 'ami', '123456', NULL, NULL, '', 'User', '2016-08-30 11:35:45', 1),
('V123123122', 'ami@gmail.com', 'ami', '123456', NULL, NULL, '', 'User', '2016-08-30 11:35:19', 1),
('V123123123', 'amcrsanchez@gmail.cdd', 'a', 'a', NULL, NULL, '', 'User', '2016-08-12 10:06:16', 1),
('V123123321', 'amcrsanchez@hotmail.chh', 's', 'a', NULL, NULL, '', 'User', '2016-08-12 10:18:21', 1),
('V1232', 'amcsanchz@gmail.com', 'amiklca jose sanchez', 'a', NULL, NULL, '', 'User', '2016-07-25 15:56:20', 1),
('V123321', 'amcrsanchez@hotmail.cff', 'a', 'a', NULL, NULL, '', 'User', '2016-08-12 10:16:44', 1),
('V123321123', 'amilc@gmail.com', 'ami', '123456', NULL, NULL, '', 'User', '2016-08-30 11:38:41', 1),
('V123321325', 'amilca@gmail.com', 'amil', '16130548', 'la direccion', '4120441267', 'Adriana Sanchez', 'User', '2016-08-30 11:42:46', 1),
('V1234', 'amcrsanchez@gmail.col', 'a', '12', NULL, NULL, '', 'User', '2016-08-11 16:17:54', 1),
('V123456', 'amcrsanchez@hotmail.coo', 'a', 'aaaaaa', NULL, NULL, '', 'User', '2016-08-11 16:18:57', 1),
('V1234562', 'amcrsanchez@gmail.cov', 'amil', 'a', NULL, NULL, '', 'User', '2016-08-11 16:32:42', 1),
('V123456788', 'amcrsanchez@hotmail.coc', 'asdfa', 'a', NULL, NULL, '', 'User', '2016-08-11 16:21:36', 1),
('V123456789', 'amcrsanchez@hotmail.cox', 'asdf', 'aaa', NULL, NULL, '', 'User', '2016-08-11 16:20:37', 1),
('V16130548', 'amcrsanchez@gmail.co', 'asdf', 'ss', '', '0', '', 'User', '2016-07-25 10:42:36', 1),
('V161305480', 'amcrsanchez@hotmail.com', 'Amilcar jose', '16130548', 'la direccion', '2147483647', 'Adriana Sanchez', 'User', '2016-07-25 15:12:50', 1),
('V161305482', 'amcrsasnez@gmail.co', 'asdf', 's', NULL, NULL, '', 'User', '2016-07-25 10:53:54', 1),
('V161305483', 'amcrsasnez@gmail.com', 'asdf', 'ss', NULL, NULL, '', 'User', '2016-07-25 10:50:21', 1),
('V161305485', 'amcrsanez@gmail.com', 'asdf', 'ss', NULL, NULL, '', 'User', '2016-07-25 10:50:03', 1),
('V161305486', 'amcrsancez@gmail.com', 'asdf', 'ss', NULL, NULL, '', 'User', '2016-07-25 10:43:32', 1),
('V161305487', 'amcrsanchez@gmail.com', 'Amilcar Sanchez', '16130548', 'la direccion', '2147483647', 'Andres Martinez', 'Admin', '2016-07-22 15:34:41', 1),
('V161305488', 'amcrsanche@hotmail.com', 'amilcar', '16130548', NULL, NULL, '', 'User', '2016-08-11 15:52:24', 1),
('V161305489', 'amcrsanch@hotmail.com', 'amilcar', '16130548', NULL, NULL, '', 'User', '2016-08-11 15:52:49', 1),
('V16166166', 'amcrsanc@hotmail.com', 'Amilcar', '16130548', NULL, NULL, '', 'User', '2016-08-11 15:57:57', 1),
('V2222', 'amcrsanchez@gmail.cem', 'sws', 'a', NULL, NULL, '', 'User', '2016-07-25 15:52:05', 1),
('V22222', 'amcrsanchez@gmail.ce', 'sws', 'a', NULL, NULL, '', 'User', '2016-07-25 15:52:29', 1),
('V222555888', 'amcrsanchez@gail.com', 'a', 'a', NULL, NULL, '', 'User', '2016-08-12 10:23:08', 1),
('V234432', 'amcrsanchez@hotmail.ctt', 'q', 'a', NULL, NULL, '', 'User', '2016-08-12 11:00:22', 1),
('V321', 'amcrsanchez@hotmail.coh', 'asdf', 'a', NULL, NULL, '', 'User', '2016-08-11 16:33:57', 1),
('V321321', 'amcrsachz@gmail.com', 'esteban', '1', NULL, NULL, '', 'User', '2016-07-25 15:54:55', 1),
('V321321321', 'amcrsanchez@l.com', 'asf', 'a', NULL, NULL, '', 'User', '2016-08-12 11:11:13', 1),
('V332211', 'amcrsanchez@hotil.com', 'a', 'a', NULL, NULL, '', 'User', '2016-08-12 10:26:07', 1),
('V333333', 'amcrsanchez@gmail.coo', 'a', 'z', NULL, NULL, '', 'User', '2016-08-12 10:21:07', 1),
('V4321', 'amcrsanchez@hotail.com', 'estaban de la nieves', 'a', NULL, NULL, '', 'User', '2016-07-25 15:58:17', 1),
('V432432', 'amcrsanchez@gl.com', 'a', '987', NULL, NULL, '', 'User', '2016-08-12 11:09:44', 1),
('V434343', 'amcrsanchez@gmail.chh', 'a', 'a', NULL, NULL, '', 'User', '2016-08-12 11:07:02', 1),
('V444', 'amcrsanchez@hotmail.crr', 'a', 'a', NULL, NULL, '', 'User', '2016-08-12 10:18:50', 1),
('V5432', 'mcrsanchez@gmail.com', 'quimicos esta', '321', NULL, NULL, '', 'User', '2016-07-25 16:03:26', 1),
('V555444333', 'amcrhez@gmail.com', 'a', 'a', NULL, NULL, '', 'User', '2016-08-12 11:03:40', 1),
('V65', 'amcrsanchez@gmail.cop', 'sws', 'a', NULL, NULL, '', 'User', '2016-08-11 16:38:06', 1),
('V654456', 'amcrsanchez@homail.com', 's', 'a', NULL, NULL, '', 'User', '2016-08-12 10:58:46', 1),
('V654456321', 'amcrsanchez@gmail.cgv', 'a', 's', NULL, NULL, '', 'User', '2016-08-12 11:04:42', 1),
('V6546545', 'amcrsanchez@gmail.cot', 'a', 'a', NULL, NULL, '', 'User', '2016-08-11 16:35:49', 1),
('V65465454', 'informatica.qvarca@gmail.com', 'la casa de la abuela', '323232', 'la direccion de la casa de la abuela', '123123123', '', 'User', '2016-07-25 16:04:52', 1),
('V654789654', 'amcrsan@gmail.com', 'a', 'a', NULL, NULL, '', 'User', '2016-08-12 10:59:30', 1),
('V987654321', 'amcrsanchez@hotmail.cod', 'asdf', '12', NULL, NULL, '', 'User', '2016-08-11 16:22:51', 1),
('V987654322', 'amcrsanchez@gmail.cog', 'asdf', 'a', NULL, NULL, '', 'User', '2016-08-11 16:23:55', 1),
('V987987987', 'amcrsanchez@gmail.cor', 'q', 'a', NULL, NULL, '', 'User', '2016-08-11 16:26:59', 1);

-- --------------------------------------------------------

--
-- Estructura de tabla para la tabla `vendedores`
--

CREATE TABLE IF NOT EXISTS `vendedores` (
  `id_vendedor` int(11) NOT NULL AUTO_INCREMENT,
  `nombre` varchar(50) COLLATE utf8_spanish_ci NOT NULL,
  `act` int(1) NOT NULL,
  `telefono` int(12) DEFAULT NULL,
  `email` varchar(50) COLLATE utf8_spanish_ci DEFAULT NULL,
  `pass` varchar(10) COLLATE utf8_spanish_ci NOT NULL,
  PRIMARY KEY (`id_vendedor`)
) ENGINE=InnoDB  DEFAULT CHARSET=utf8 COLLATE=utf8_spanish_ci AUTO_INCREMENT=6 ;

--
-- Volcado de datos para la tabla `vendedores`
--

INSERT INTO `vendedores` (`id_vendedor`, `nombre`, `act`, `telefono`, `email`, `pass`) VALUES
(1, 'Adriana Sanchez', 1, NULL, 'asanchez.qvarca@gmail.com', '1234'),
(2, 'Andres Martinez', 1, NULL, 'amartinez.qvarca@gmail.com', '1234'),
(3, 'Grecia Marin', 1, NULL, 'gmarin.qvarca@gmail.com', '1234'),
(4, 'Francys Veloz', 1, NULL, 'fveloz.qvarca@gmail.com', '1234'),
(5, 'Prueba', 1, NULL, 'informatica.qvarca@gmail.com', '1234');

--
-- Restricciones para tablas volcadas
--

--
-- Filtros para la tabla `productos`
--
ALTER TABLE `productos`
  ADD CONSTRAINT `productos_ibfk_1` FOREIGN KEY (`clasificacion`) REFERENCES `clasificacion_productos` (`id`),
  ADD CONSTRAINT `productos_ibfk_2` FOREIGN KEY (`clasificacion_automotriz`) REFERENCES `clasificacion_automotriz` (`id`);

--
-- Filtros para la tabla `producto_presentacion`
--
ALTER TABLE `producto_presentacion`
  ADD CONSTRAINT `producto_presentacion_ibfk_1` FOREIGN KEY (`codigo_producto`) REFERENCES `productos` (`codigo`),
  ADD CONSTRAINT `producto_presentacion_ibfk_2` FOREIGN KEY (`id_presentacion`) REFERENCES `presentaciones` (`id`);

--
-- Filtros para la tabla `propiedades`
--
ALTER TABLE `propiedades`
  ADD CONSTRAINT `propiedades_ibfk_1` FOREIGN KEY (`codigo`) REFERENCES `productos` (`codigo`);

/*!40101 SET CHARACTER_SET_CLIENT=@OLD_CHARACTER_SET_CLIENT */;
/*!40101 SET CHARACTER_SET_RESULTS=@OLD_CHARACTER_SET_RESULTS */;
/*!40101 SET COLLATION_CONNECTION=@OLD_COLLATION_CONNECTION */;
